obsNum,primRef,primRef_URL,secRef,secRef_URL,taxa,age,sex,rate,n_obs,Q10,temp_min_C,temp_max_C,temp_range_C,Q10Type,locality,lat,lon,source,sourceNotes,verbatimComments,comments
1,Martin2001,https://doi.org/10.1080/00364827.2001.10420458,NA,NA,Aurelia aurita,Unknown,Unknown,Swimming,,2.11,5,10,5-Oct,Intraspecific,Laboratory culture,60.38797786,5.321808542,ResultsText,Extracted from the results text,NA,NA
2,Martin2001,https://doi.org/10.1080/00364827.2001.10420458,NA,NA,Cyanea capillata,Unknown,Unknown,Swimming,,2.74,5,10,5-Oct,Intraspecific,Laboratory culture,60.38797786,5.321808542,ResultsText,Extracted from the results text,NA,NA
3,Martin2001,https://doi.org/10.1080/00364827.2001.10420458,NA,NA,Aurelia aurita,Unknown,Unknown,Swimming,,1.4,5,20,May-20,Intraspecific,Laboratory culture,60.38797786,5.321808542,ResultsText,Extracted from the results text,NA,NA
4,Martin2001,https://doi.org/10.1080/00364827.2001.10420458,NA,NA,Cyanea capillata,Unknown,Unknown,Swimming,,1,5,20,May-20,Intraspecific,Laboratory culture,60.38797786,5.321808542,ResultsText,Extracted from the results text,NA,NA
5,Martin2001,https://doi.org/10.1080/00364827.2001.10420458,NA,NA,Aurelia aurita,Unknown,Unknown,Digestion,,1.4,5,20,May-20,Intraspecific,Laboratory culture,60.38797786,5.321808542,ResultsText,Extracted from the results text,NA,NA
6,Martin2001,https://doi.org/10.1080/00364827.2001.10420458,NA,NA,Cyanea capillata,Unknown,Unknown,Digestion,,2.6,5,20,May-20,Intraspecific,Laboratory culture,60.38797786,5.321808542,ResultsText,Extracted from the results text,NA,NA
1,Ross1982,https://doi.org/10.1007/BF00393135,NA,NA,Euphausia pacifica,Adult,Unknown,Growth,,3.5,8,12,8-Dec,Intraspecific,Puget Sound,47.74648,-122.437477,Abstract,Extracted from abstract because it was reported clearly,NA,NA
2,Ross1982,https://doi.org/10.1007/BF00393135,NA,NA,Euphausia pacifica,Adult,Unknown,Molting,,2.4,8,12,8-Dec,Intraspecific,Puget Sound,47.74648,-122.437477,Abstract,Extracted from abstract because it was reported clearly,NA,NA
3,Ross1982,https://doi.org/10.1007/BF00393135,NA,NA,Euphausia pacifica,Adult,Unknown,Ingestion,,3,8,12,8-Dec,Intraspecific,Puget Sound,47.74648,-122.437477,Abstract,Extracted from abstract because it was reported clearly,NA,NA
4,Ross1982,https://doi.org/10.1007/BF00393135,NA,NA,Euphausia pacifica,Adult,Unknown,Respiration,,2,8,12,8-Dec,Intraspecific,Puget Sound,47.74648,-122.437477,Abstract,Extracted from abstract because it was reported clearly,NA,NA
1,Saborowski2002,https://doi.org/10.1007/s00227-001-0730-4,Agersted2016,https://doi.org/10.1093/plankt/fbw017,Meganyctiphanes norvegica,Adult,Males,Respiration,,1.97,4,8,4-Aug,Intraspecific,Ligurian Sea,43,7,Table3,Extracted from Table 3 for each temperature range,NA,NA
2,Saborowski2002,https://doi.org/10.1007/s00227-001-0730-4,Agersted2016,https://doi.org/10.1093/plankt/fbw017,Meganyctiphanes norvegica,Adult,Males,Respiration,,2.33,4,8,4-Aug,Intraspecific,Ligurian Sea,43,7,Table3,Extracted from Table 3 for each temperature range,NA,NA
3,Saborowski2002,https://doi.org/10.1007/s00227-001-0730-4,Agersted2016,https://doi.org/10.1093/plankt/fbw017,Meganyctiphanes norvegica,Adult,Males,Respiration,,2.19,4,8,4-Aug,Intraspecific,Clyde Sea,55.683333,-5.066667,Table3,Extracted from Table 3 for each temperature range,NA,NA
4,Saborowski2002,https://doi.org/10.1007/s00227-001-0730-4,Agersted2016,https://doi.org/10.1093/plankt/fbw017,Meganyctiphanes norvegica,Adult,Males,Respiration,,2.17,4,8,4-Aug,Intraspecific,Clyde Sea,55.683333,-5.066667,Table3,Extracted from Table 3 for each temperature range,NA,NA
5,Saborowski2002,https://doi.org/10.1007/s00227-001-0730-4,Agersted2016,https://doi.org/10.1093/plankt/fbw017,Meganyctiphanes norvegica,Adult,Males,Respiration,,2.32,4,8,4-Aug,Intraspecific,Kattegat,57.266667,11.416667,Table3,Extracted from Table 3 for each temperature range,NA,NA
6,Saborowski2002,https://doi.org/10.1007/s00227-001-0730-4,Agersted2016,https://doi.org/10.1093/plankt/fbw017,Meganyctiphanes norvegica,Adult,Males,Respiration,,1.55,4,8,4-Aug,Intraspecific,Kattegat,57.266667,11.416667,Table3,Extracted from Table 3 for each temperature range,NA,NA
7,Saborowski2002,https://doi.org/10.1007/s00227-001-0730-4,Agersted2016,https://doi.org/10.1093/plankt/fbw017,Meganyctiphanes norvegica,Adult,Males,Respiration,,2.21,8,12,8-Dec,Intraspecific,Ligurian Sea,43,7,Table3,Extracted from Table 3 for each temperature range,NA,NA
8,Saborowski2002,https://doi.org/10.1007/s00227-001-0730-4,Agersted2016,https://doi.org/10.1093/plankt/fbw017,Meganyctiphanes norvegica,Adult,Males,Respiration,,1.86,8,12,8-Dec,Intraspecific,Ligurian Sea,43,7,Table3,Extracted from Table 3 for each temperature range,NA,NA
9,Saborowski2002,https://doi.org/10.1007/s00227-001-0730-4,Agersted2016,https://doi.org/10.1093/plankt/fbw017,Meganyctiphanes norvegica,Adult,Males,Respiration,,1.9,8,12,8-Dec,Intraspecific,Clyde Sea,55.683333,-5.066667,Table3,Extracted from Table 3 for each temperature range,NA,NA
10,Saborowski2002,https://doi.org/10.1007/s00227-001-0730-4,Agersted2016,https://doi.org/10.1093/plankt/fbw017,Meganyctiphanes norvegica,Adult,Males,Respiration,,1.81,8,12,8-Dec,Intraspecific,Clyde Sea,55.683333,-5.066667,Table3,Extracted from Table 3 for each temperature range,NA,NA
11,Saborowski2002,https://doi.org/10.1007/s00227-001-0730-4,Agersted2016,https://doi.org/10.1093/plankt/fbw017,Meganyctiphanes norvegica,Adult,Males,Respiration,,1.62,8,12,8-Dec,Intraspecific,Kattegat,57.266667,11.416667,Table3,Extracted from Table 3 for each temperature range,NA,NA
12,Saborowski2002,https://doi.org/10.1007/s00227-001-0730-4,Agersted2016,https://doi.org/10.1093/plankt/fbw017,Meganyctiphanes norvegica,Adult,Males,Respiration,,2.16,8,12,8-Dec,Intraspecific,Kattegat,57.266667,11.416667,Table3,Extracted from Table 3 for each temperature range,NA,NA
13,Saborowski2002,https://doi.org/10.1007/s00227-001-0730-4,Agersted2016,https://doi.org/10.1093/plankt/fbw017,Meganyctiphanes norvegica,Adult,Males,Respiration,,1.98,12,16,Dec-16,Intraspecific,Ligurian Sea,43,7,Table3,Extracted from Table 3 for each temperature range,NA,NA
14,Saborowski2002,https://doi.org/10.1007/s00227-001-0730-4,Agersted2016,https://doi.org/10.1093/plankt/fbw017,Meganyctiphanes norvegica,Adult,Males,Respiration,,1.9,12,16,Dec-16,Intraspecific,Ligurian Sea,43,7,Table3,Extracted from Table 3 for each temperature range,NA,NA
15,Saborowski2002,https://doi.org/10.1007/s00227-001-0730-4,Agersted2016,https://doi.org/10.1093/plankt/fbw017,Meganyctiphanes norvegica,Adult,Males,Respiration,,2.02,12,16,Dec-16,Intraspecific,Clyde Sea,55.683333,-5.066667,Table3,Extracted from Table 3 for each temperature range,NA,NA
16,Saborowski2002,https://doi.org/10.1007/s00227-001-0730-4,Agersted2016,https://doi.org/10.1093/plankt/fbw017,Meganyctiphanes norvegica,Adult,Males,Respiration,,2.46,12,16,Dec-16,Intraspecific,Clyde Sea,55.683333,-5.066667,Table3,Extracted from Table 3 for each temperature range,NA,NA
17,Saborowski2002,https://doi.org/10.1007/s00227-001-0730-4,Agersted2016,https://doi.org/10.1093/plankt/fbw017,Meganyctiphanes norvegica,Adult,Males,Respiration,,1.93,12,16,Dec-16,Intraspecific,Kattegat,57.266667,11.416667,Table3,Extracted from Table 3 for each temperature range,NA,NA
18,Saborowski2002,https://doi.org/10.1007/s00227-001-0730-4,Agersted2016,https://doi.org/10.1093/plankt/fbw017,Meganyctiphanes norvegica,Adult,Males,Respiration,,1.97,12,16,Dec-16,Intraspecific,Kattegat,57.266667,11.416667,Table3,Extracted from Table 3 for each temperature range,NA,NA
1,Almeda2010,https://www.sciencedirect.com/science/article/pii/S0022098110000778,NA,NA,Oithona davisae,N2-3,Unknown,Ingestion,,2.45,16,28,16-28,Intraspecific,Laboratory culture,41.3855193,2.196125161,ResultsText,Extracted from the results text,NA,NA
2,Almeda2010,https://www.sciencedirect.com/science/article/pii/S0022098110000778,NA,NA,Oithona davisae,N2-3,Unknown,Clearance,,2.95,16,28,16-28,Intraspecific,Laboratory culture,41.3855193,2.196125161,ResultsText,Extracted from the results text,NA,NA
3,Almeda2010,https://www.sciencedirect.com/science/article/pii/S0022098110000778,NA,NA,Oithona davisae,N2-3,Unknown,Growth,,3.34,16,28,16-28,Intraspecific,Laboratory culture,41.3855193,2.196125161,ResultsText,Extracted from the results text,NA,NA
1,Broms2003,https://doi.org/10.1093/plankt/25.5.573,NA,NA,Oikopleura dioica,Unknown,Unknown,Clearance,,1.78,10,20,Oct-20,Intraspecific,Literature,57.69849441,11.97163594,ResultsText,Extracted from the results text,NA,NA
1,LopezUrrutia1999,https://www.int-res.com/abstracts/meps/v191/meps191195,Broms2003,https://doi.org/10.1093/plankt/25.5.573,Oikopleura dioica,Unknown,Unknown,GutClearance,,0.69,10,20,Oct-20,Intraspecific,El Musel Harbour,43.55872783,-5.691941942,Abstract,Extracted from abstract but verified with results text,NA,NA
1,Gorsky1987,https://doi.org/10.1007/BF00392931,Broms2003,https://doi.org/10.1093/plankt/25.5.573,Oikopleura dioica,Unknown,Unknown,Respiration,,2.45,15,20,15-20,Intraspecific,Laboratory culture,43.71076989,7.322592928,Abstract,Extracted from abstract because it was reported clearly,NA,NA
2,Gorsky1987,https://doi.org/10.1007/BF00392931,Broms2003,https://doi.org/10.1093/plankt/25.5.573,Oikopleura dioica,Unknown,Unknown,ExcretionAmmonia,,1.86,15,20,15-20,Intraspecific,Laboratory culture,43.71076989,7.322592928,Abstract,Extracted from abstract because it was reported clearly,NA,NA
3,Gorsky1987,https://doi.org/10.1007/BF00392931,Broms2003,https://doi.org/10.1093/plankt/25.5.573,Oikopleura dioica,Unknown,Unknown,ExcretionPhosphate,,1.75,15,20,15-20,Intraspecific,Laboratory culture,43.71076989,7.322592928,Abstract,Extracted from abstract because it was reported clearly,NA,NA
4,Gorsky1987,https://doi.org/10.1007/BF00392931,Broms2003,https://doi.org/10.1093/plankt/25.5.573,Oikopleura dioica,Unknown,Unknown,Respiration,,3.75,20,24,20-24,Intraspecific,Laboratory culture,43.71076989,7.322592928,Abstract,Extracted from abstract because it was reported clearly,NA,NA
5,Gorsky1987,https://doi.org/10.1007/BF00392931,Broms2003,https://doi.org/10.1093/plankt/25.5.573,Oikopleura dioica,Unknown,Unknown,ExcretionAmmonia,,2.9,20,24,20-24,Intraspecific,Laboratory culture,43.71076989,7.322592928,Abstract,Extracted from abstract because it was reported clearly,NA,NA
6,Gorsky1987,https://doi.org/10.1007/BF00392931,Broms2003,https://doi.org/10.1093/plankt/25.5.573,Oikopleura dioica,Unknown,Unknown,ExcretionPhosphate,,3.6,20,24,20-24,Intraspecific,Laboratory culture,43.71076989,7.322592928,Abstract,Extracted from abstract because it was reported clearly,NA,NA
1,Dam1988,https://www.sciencedirect.com/science/article/pii/0022098188901050,Broms2003,https://doi.org/10.1093/plankt/25.5.573,Temora longicornis,Unknown,Unknown,GutClearance,,2.16,0,17,0-17,Intraspecific,Long Island Sound,41.11623879,-72.89151514,Abstract,Extracted from abstract but verified with results text,NA,NA
2,Dam1988,https://www.sciencedirect.com/science/article/pii/0022098188901050,Broms2003,https://doi.org/10.1093/plankt/25.5.573,Copepoda,Unknown,Unknown,GutClearance,,2.21,-1,19.5,-20.5,Interspecific,Literature,40.72963533,-73.99641799,Abstract,Extracted from abstract but verified with results text,NA,NA
1,Kiorboe1982,https://doi.org/10.1080/00785326.1982.10426586,Hansen1997,https://onlinelibrary.wiley.com/doi/abs/10.4319/lo.1997.42.4.0687,Centropages hamatus,Adult,Female,Ingestion,,3.9,5,15,May-15,Intraspecific,Oresund,55.62831315,12.87786698,ResultsText,Extracted from the results text,NA,NA
2,Kiorboe1982,https://doi.org/10.1080/00785326.1982.10426586,Hansen1997,https://onlinelibrary.wiley.com/doi/abs/10.4319/lo.1997.42.4.0687,Centropages hamatus,Adult,Female,GutClearance,,3.3,5,15,May-15,Intraspecific,Oresund,55.62831315,12.87786698,ResultsText,Extracted from the results text,NA,NA
1,Dagg1983,https://www.jstor.org/stable/24815840,Broms2003,https://doi.org/10.1093/plankt/25.5.573,Neocalanus plumchrus,C5,Unknown,Ingestion,,5.4,NA,NA,NA,Intraspecific,Bering Sea,58.78209727,-174.8031215,SecRef,Taken from secondary reference because the article was not able to be accessed,NA,NA
1,Durbin1992,https://doi.org/10.4319/lo.1992.37.2.0361,Hansen1997,https://onlinelibrary.wiley.com/doi/abs/10.4319/lo.1997.42.4.0687,Acartia hudsonica,Adult,Female,Ingestion,,2.3,4.5,16,4.5-16,Intraspecific,Narragansett Bay,41.600513,-71.349228,Abstract,Extracted from abstract,NA,NA
2,Durbin1992,https://doi.org/10.4319/lo.1992.37.2.0361,Hansen1997,https://onlinelibrary.wiley.com/doi/abs/10.4319/lo.1997.42.4.0687,Acartia hudsonica,Adult,Female,Ingestion,,2.4,4.5,16,4.5-16,Intraspecific,Narragansett Bay,41.600513,-71.349228,Abstract,Extracted from abstract,NA,NA
3,Durbin1992,https://doi.org/10.4319/lo.1992.37.2.0361,Hansen1997,https://onlinelibrary.wiley.com/doi/abs/10.4319/lo.1997.42.4.0687,Acartia hudsonica,Adult,Female,Clearance,,1.8,4.5,16,4.5-16,Intraspecific,Narragansett Bay,41.600513,-71.349228,Abstract,Extracted from abstract,NA,NA
1,Crisp1985,https://www.cambridge.org/core/journals/journal-of-the-marine-biological-association-of-the-united-kingdom/article/abs/feeding-by-oyster-larvae-the-functional-response-energy-budget-and-a-comparison-with-mussel-larvae/6B4CC491635F66929B33F1F8D164A9D6,Hansen1997,https://onlinelibrary.wiley.com/doi/abs/10.4319/lo.1997.42.4.0687,Ostrea edulis,Larvae,Unknown,Ingestion,,3.4,10,20,Oct-20,Intraspecific,Anglesey,53.18104578,-4.315327454,ResultsText,Extracted from the results text,NA,NA
2,Crisp1985,https://www.cambridge.org/core/journals/journal-of-the-marine-biological-association-of-the-united-kingdom/article/abs/feeding-by-oyster-larvae-the-functional-response-energy-budget-and-a-comparison-with-mussel-larvae/6B4CC491635F66929B33F1F8D164A9D6,Hansen1997,https://onlinelibrary.wiley.com/doi/abs/10.4319/lo.1997.42.4.0687,Ostrea edulis,Larvae,Unknown,Clearance,,3.4,10,20,Oct-20,Intraspecific,Anglesey,53.18104578,-4.315327454,ResultsText,Extracted from the results text,NA,NA
1,Ukeles1969,https://onlinelibrary.wiley.com/doi/abs/10.4319/lo.1969.14.3.0403,Hansen1997,https://onlinelibrary.wiley.com/doi/abs/10.4319/lo.1997.42.4.0687,Crassostrea virginica,Larvae,Unknown,Ingestion,,3.4,16,24,16-24,Intraspecific,Laboratory culture,41.22821259,-73.03973419,ResultsText,Extracted from the results text,NA,NA
1,Walne1964,"Walne, P.R. 1964. The culture of marine bivalve larvae, p. 197-210. In K. M. Vilbur and C. M. Yonge [eds.], Physiology of mollusca. Academic",Hansen1997,https://onlinelibrary.wiley.com/doi/abs/10.4319/lo.1997.42.4.0687,Bivalvia,Larvae,Unknown,Ingestion,,2.4,17,25,17-25,Intraspecific,NA,NA,NA,SecRef,Taken from secondary reference because the article was not able to be accessed,NA,Could not find original article so have used secRef reported values
1,Sprung1984,"Sprung. M. 1984. Physiological energetics of mussel larvae (Mytilus edulis). Mar. Ecol. Prog. Ser. 17: 283-293, 295-305; 18: 171-178, 179-186.",Hansen1997,https://onlinelibrary.wiley.com/doi/abs/10.4319/lo.1997.42.4.0687,Mytilus edulis,Larvae,Unknown,Ingestion,,3,6,18,Jun-18,Intraspecific,Laboratory culture,54.18341503,7.890521931,SecRef,Taken from secondary reference,NA,NA
2,Sprung1984,"Sprung. M. 1984. Physiological energetics of mussel larvae (Mytilus edulis). Mar. Ecol. Prog. Ser. 17: 283-293, 295-305; 18: 171-178, 179-186.",Hansen1997,https://onlinelibrary.wiley.com/doi/abs/10.4319/lo.1997.42.4.0687,Mytilus edulis,Larvae,Unknown,Respiration,,3.1,12,18,Dec-18,Intraspecific,Laboratory culture,54.18341503,7.890521931,SecRef,Taken from secondary reference,NA,NA
3,Sprung1984,"Sprung. M. 1984. Physiological energetics of mussel larvae (Mytilus edulis). Mar. Ecol. Prog. Ser. 17: 283-293, 295-305; 18: 171-178, 179-186.",Hansen1997,https://onlinelibrary.wiley.com/doi/abs/10.4319/lo.1997.42.4.0687,Mytilus edulis,Larvae,Unknown,Growth,,1.9,12,18,Dec-18,Intraspecific,Laboratory culture,54.18341503,7.890521931,SecRef,Taken from secondary reference,NA,NA
1,Gilbert1985,https://www.taylorfrancis.com/chapters/edit/10.4324/9780429269608-8/rotifer-grazing-situ-studies-selectivity-rates-john-gilbert-kenneth-bogdan,Hansen1997,https://onlinelibrary.wiley.com/doi/abs/10.4319/lo.1997.42.4.0687,Rotifera,Unknown,Unknown,Clearance,,2.4,10,20,Oct-20,Interspecific,NA,NA,NA,SecRef,Taken from secondary reference,NA,NA
1,Deason1980,https://doi.org/10.1007/BF00389153,Hansen1997,https://onlinelibrary.wiley.com/doi/abs/10.4319/lo.1997.42.4.0687,Acartia hudsonica,Adult,Unknown,Clearance,,3.2,5,15,May-15,Intraspecific,Narragansett Bay,41.62630784,-71.35672917,SecRef,Taken from secondary reference,NA,NA
1,Gaudy1983,https://doi.org/10.1007/BF00392628,Hansen1997,https://onlinelibrary.wiley.com/doi/abs/10.4319/lo.1997.42.4.0687,Copepoda,Unknown,Unknown,Respiration,,2.1,20,25,20-25,Interspecific,North West Indian Ocean,0.9427664139698662,49.98016828,SecRef,Taken from secondary reference,NA,NA
1,Mullin1970,https://onlinelibrary.wiley.com/doi/abs/10.4319/lo.1970.15.5.0748,Hansen1997,https://onlinelibrary.wiley.com/doi/abs/10.4319/lo.1997.42.4.0687,Calanus helgolandicus,C4,Unknown,Respiration,,3.1,10,15,Oct-15,Intraspecific,La Jolla,32.87584925,-117.3169987,SecRef,Taken from secondary reference,NA,NA
2,Mullin1970,https://onlinelibrary.wiley.com/doi/abs/10.4319/lo.1970.15.5.0748,Hansen1997,https://onlinelibrary.wiley.com/doi/abs/10.4319/lo.1997.42.4.0687,Calanus helgolandicus,C4,Unknown,Growth,,3,10,15,Oct-15,Intraspecific,La Jolla,32.87584925,-117.3169987,SecRef,Taken from secondary reference,n=2,NA
1,Vidal1980,https://doi.org/10.1007/BF00397129,Hansen1997,https://onlinelibrary.wiley.com/doi/abs/10.4319/lo.1997.42.4.0687,Calanoida,Copepodite,Unknown,Respiration,,1.8,8,15.5,8-15.5,Interspecific,Laboratory culture,40.86531395,-72.87483723,SecRef,Taken from secondary reference,NA,NA
1,Sato2001,https://doi.org/10.1093/plankt/23.4.415,Lombard2005,https://www.int-res.com/abstracts/meps/v301/meps301149,Oikopleura dioica,Unknown,Unknown,HouseProduction,,1.9,15,25,15-25,Interspecific,Keihin Canal,35.62729897,139.7529905,SecRef,Taken from secondary reference,NA,NA
2,Sato2001,https://doi.org/10.1093/plankt/23.4.415,Lombard2005,https://www.int-res.com/abstracts/meps/v301/meps301149,Oikopleura dioica,Unknown,Unknown,HouseProduction,,2.2,15,25,15-25,Interspecific,Keihin Canal,35.62729897,139.7529905,SecRef,Taken from secondary reference,NA,NA
1,Kiko2015,https://bg.copernicus.org/articles/13/2241/2016/,NA,NA,Undinula vulgaris,Adult,Female,Respiration,,1.4,11,23,Nov-23,Intraspecific,Atlantic Ocean,0,-22,Abstract,Extracted from abstract,NA,NA
2,Kiko2015,https://bg.copernicus.org/articles/13/2241/2016/,NA,NA,Undinula vulgaris,Adult,Female,ExcretionAmmonia,,1.6,11,23,Nov-23,Intraspecific,Atlantic Ocean,0,-22,Abstract,Extracted from abstract,NA,NA
3,Kiko2015,https://bg.copernicus.org/articles/13/2241/2016/,NA,NA,Pleuromamma abdominalis,Adult,Female,Respiration,,2,11,23,Nov-23,Intraspecific,Atlantic Ocean,0,-22,Abstract,Extracted from abstract,NA,NA
4,Kiko2015,https://bg.copernicus.org/articles/13/2241/2016/,NA,NA,Pleuromamma abdominalis,Adult,Female,ExcretionAmmonia,,2.4,11,23,Nov-23,Intraspecific,Atlantic Ocean,0,-22,Abstract,Extracted from abstract,NA,NA
5,Kiko2015,https://bg.copernicus.org/articles/13/2241/2016/,NA,NA,Euphausia mucronata,Adult,Unknown,Respiration,,2,11,23,Nov-23,Intraspecific,Mar de Grau,-13,-77.083333,Abstract,Extracted from abstract,NA,NA
6,Kiko2015,https://bg.copernicus.org/articles/13/2241/2016/,NA,NA,Euphausia mucronata,Adult,Unknown,ExcretionAmmonia,,2.4,11,23,Nov-23,Intraspecific,Mar de Grau,-13,-77.083333,Abstract,Extracted from abstract,NA,NA
1,Castellani2005,https://www.int-res.com/abstracts/meps/v285/meps285129,Kiorboe2014,https://doi.org/10.1594/PANGAEA.819850,Oithona similis,Adult,Female,Respiration,,3.1,4,25,Apr-25,Intraspecific,English Channel,50.25,-4.216667,Abstract,Extracted from abstract,NA,NA
1,Vermandele2024,https://onlinelibrary.wiley.com/doi/abs/10.1111/gcb.17553,NA,NA,Acartia tonsa,Adult,Males,Respiration,,3.9,18,25,18-25,Intraspecific,Esker Point Beach,41.320667,-72.001623,ResultsText,Extracted from the results text,Normoxic conditions,NA
2,Vermandele2024,https://onlinelibrary.wiley.com/doi/abs/10.1111/gcb.17553,NA,NA,Acartia tonsa,Adult,Males,Respiration,,4.09,18,25,18-25,Intraspecific,Esker Point Beach,41.320667,-72.001623,ResultsText,Extracted from the results text,Hypoxic conditions,NA
3,Vermandele2024,https://onlinelibrary.wiley.com/doi/abs/10.1111/gcb.17553,NA,NA,Acartia tonsa,Adult,Female,Respiration,,3.4,18,25,18-25,Intraspecific,Esker Point Beach,41.320667,-72.001623,ResultsText,Extracted from the results text,Normoxic conditions,NA
4,Vermandele2024,https://onlinelibrary.wiley.com/doi/abs/10.1111/gcb.17553,NA,NA,Acartia tonsa,Adult,Female,Respiration,,2.33,18,25,18-25,Intraspecific,Esker Point Beach,41.320667,-72.001623,ResultsText,Extracted from the results text,Hypoxic conditions,NA
1,Hohn2017,https://pmc.ncbi.nlm.nih.gov/articles/PMC5435318/,NA,NA,Aurelia aurita ,Polyp,Unknown,Respiration,,1.6,2,14,Feb-14,Intraspecific,Horsea Lake,50.83576571,-1.100690891,ResultsText,Extracted from the results text,NA,NA
2,Hohn2017,https://pmc.ncbi.nlm.nih.gov/articles/PMC5435318/,NA,NA,Aurelia aurita ,Polyp,Unknown,Respiration,,2.5,2,14,Feb-14,Intraspecific,Scotland,56.21178504,-5.555725376,ResultsText,Extracted from the results text,NA,NA
3,Hohn2017,https://pmc.ncbi.nlm.nih.gov/articles/PMC5435318/,NA,NA,Aurelia aurita ,Polyp,Unknown,Respiration,,0.8,2,14,Feb-14,Intraspecific,Fiskebol,68.43299347,14.81820938,ResultsText,Extracted from the results text,NA,NA
1,Hoshijima2017,https://doi.org/10.1093/conphys/cox064,NA,NA,Limacina helicina antarctica,Juvenile,Unknown,Respiration,,3,-0.8,14,-14.8,Intraspecific,McMurdo Station,-77.848333,166.598611,ResultsText,Extracted from the results text,NA,NA
2,Hoshijima2017,https://doi.org/10.1093/conphys/cox064,NA,NA,Limacina helicina antarctica,Juvenile,Unknown,Respiration,,3.9,-0.8,12,-12.8,Intraspecific,McMurdo Station,-77.848333,166.598611,ResultsText,Extracted from the results text,NA,NA
3,Hoshijima2017,https://doi.org/10.1093/conphys/cox064,NA,NA,Limacina helicina antarctica,Juvenile,Unknown,Respiration,,3.1,-0.8,10,-10.8,Intraspecific,McMurdo Station,-77.848333,166.598611,ResultsText,Extracted from the results text,NA,NA
4,Hoshijima2017,https://doi.org/10.1093/conphys/cox064,NA,NA,Limacina helicina antarctica,Juvenile,Unknown,Respiration,,3.3,-0.8,8,-8.8,Intraspecific,McMurdo Station,-77.848333,166.598611,ResultsText,Extracted from the results text,NA,NA
5,Hoshijima2017,https://doi.org/10.1093/conphys/cox064,NA,NA,Limacina helicina antarctica,Juvenile,Unknown,Respiration,,2,-0.8,6,-6.8,Intraspecific,McMurdo Station,-77.848333,166.598611,ResultsText,Extracted from the results text,NA,NA
6,Hoshijima2017,https://doi.org/10.1093/conphys/cox064,NA,NA,Limacina helicina antarctica,Juvenile,Unknown,Respiration,,3.5,-0.8,4,-4.8,Intraspecific,McMurdo Station,-77.848333,166.598611,ResultsText,Extracted from the results text,NA,NA
7,Hoshijima2017,https://doi.org/10.1093/conphys/cox064,NA,NA,Limacina helicina antarctica,Juvenile,Unknown,Respiration,,2.5,-0.8,2,-2.8,Intraspecific,McMurdo Station,-77.848333,166.598611,ResultsText,Extracted from the results text,NA,NA
1,Liszka2021,https://www.jstor.org/stable/27060549,NA,NA,Euphausia triacantha,Unknown,Unknown,Respiration,,3.6,0.17,4.74,0.17-4.74,Intraspecific,Southern Ocean,-53.5,-39,Abstract,Extracted from abstract,NA,NA
1,Gaudy2000,https://www.sciencedirect.com/science/article/pii/S0022098100001398,NA,NA,Acartia tonsa,Unknown,Unknown,Respiration,,1.5,10,20,Oct-20,Intraspecific,Gulf of Fos,43.39689082,4.951797389,Table2,Extracted from table 2,15% salinity,NA
2,Gaudy2000,https://www.sciencedirect.com/science/article/pii/S0022098100001398,NA,NA,Acartia tonsa,Unknown,Unknown,Respiration,,2.03,10,20,Oct-20,Intraspecific,Gulf of Fos,43.39689082,4.951797389,Table2,Extracted from table 2,25% salinity,NA
3,Gaudy2000,https://www.sciencedirect.com/science/article/pii/S0022098100001398,NA,NA,Acartia tonsa,Unknown,Unknown,Respiration,,2.22,10,20,Oct-20,Intraspecific,Gulf of Fos,43.39689082,4.951797389,Table2,Extracted from table 2,35% salinity,NA
4,Gaudy2000,https://www.sciencedirect.com/science/article/pii/S0022098100001398,NA,NA,Acartia clausi,Unknown,Unknown,Respiration,,1.93,10,20,Oct-20,Intraspecific,Gulf of Fos,43.39689082,4.951797389,Table2,Extracted from table 2,15% salinity,NA
5,Gaudy2000,https://www.sciencedirect.com/science/article/pii/S0022098100001398,NA,NA,Acartia clausi,Unknown,Unknown,Respiration,,2.25,10,20,Oct-20,Intraspecific,Gulf of Fos,43.39689082,4.951797389,Table2,Extracted from table 2,25% salinity,NA
6,Gaudy2000,https://www.sciencedirect.com/science/article/pii/S0022098100001398,NA,NA,Acartia clausi,Unknown,Unknown,Respiration,,1.94,10,20,Oct-20,Intraspecific,Gulf of Fos,43.39689082,4.951797389,Table2,Extracted from table 2,35% salinity,NA
7,Gaudy2000,https://www.sciencedirect.com/science/article/pii/S0022098100001398,NA,NA,Acartia tonsa,Unknown,Unknown,AmmoniaExcretion,,1.21,10,20,Oct-20,Intraspecific,Gulf of Fos,43.39689082,4.951797389,Table2,Extracted from table 2,15% salinity,NA
8,Gaudy2000,https://www.sciencedirect.com/science/article/pii/S0022098100001398,NA,NA,Acartia tonsa,Unknown,Unknown,AmmoniaExcretion,,1.36,10,20,Oct-20,Intraspecific,Gulf of Fos,43.39689082,4.951797389,Table2,Extracted from table 2,25% salinity,NA
9,Gaudy2000,https://www.sciencedirect.com/science/article/pii/S0022098100001398,NA,NA,Acartia tonsa,Unknown,Unknown,AmmoniaExcretion,,4.79,10,20,Oct-20,Intraspecific,Gulf of Fos,43.39689082,4.951797389,Table2,Extracted from table 2,35% salinity,NA
10,Gaudy2000,https://www.sciencedirect.com/science/article/pii/S0022098100001398,NA,NA,Acartia clausi,Unknown,Unknown,AmmoniaExcretion,,2.21,10,20,Oct-20,Intraspecific,Gulf of Fos,43.39689082,4.951797389,Table2,Extracted from table 2,15% salinity,NA
11,Gaudy2000,https://www.sciencedirect.com/science/article/pii/S0022098100001398,NA,NA,Acartia clausi,Unknown,Unknown,AmmoniaExcretion,,3.64,10,20,Oct-20,Intraspecific,Gulf of Fos,43.39689082,4.951797389,Table2,Extracted from table 2,25% salinity,NA
12,Gaudy2000,https://www.sciencedirect.com/science/article/pii/S0022098100001398,NA,NA,Acartia clausi,Unknown,Unknown,AmmoniaExcretion,,2.28,10,20,Oct-20,Intraspecific,Gulf of Fos,43.39689082,4.951797389,Table2,Extracted from table 2,35% salinity,NA
1,Kiko2016,https://bg.copernicus.org/articles/13/2241/2016/,NA,NA,Undinula vulgaris,Adult,Female,Respiration,,1.4,11,23,Nov-23,Intraspecific,North Atlantic Ocean,1,-21,ResultsText,Extracted from the results text,"Also tested varying levels of pCO2 and pO2, though there was no significant impact from differening CO2. There Resp and excre were reduced upon exposure to low oxygen levels though but was different for different species.",NA
2,Kiko2016,https://bg.copernicus.org/articles/13/2241/2016/,NA,NA,Pleuromamma abdominalis,Adult,Female,Respiration,,2,11,23,Nov-23,Intraspecific,North Atlantic Ocean,1,-21,ResultsText,Extracted from the results text,"Also tested varying levels of pCO2 and pO2, though there was no significant impact from differening CO2. There Resp and excre were reduced upon exposure to low oxygen levels though but was different for different species.",NA
3,Kiko2016,https://bg.copernicus.org/articles/13/2241/2016/,NA,NA,Euphausia gibboides,Adult,Unknown,Respiration,,2,11,23,Nov-23,Intraspecific,North Atlantic Ocean,10,-20,ResultsText,Extracted from the results text,"Also tested varying levels of pCO2 and pO2, though there was no significant impact from differening CO2. There Resp and excre were reduced upon exposure to low oxygen levels though but was different for different species.",NA
4,Kiko2016,https://bg.copernicus.org/articles/13/2241/2016/,NA,NA,Undinula vulgaris,Adult,Female,AmmoniaExcretion,,1.6,11,23,Nov-23,Intraspecific,North Atlantic Ocean,1,-21,ResultsText,Extracted from the results text,"Also tested varying levels of pCO2 and pO2, though there was no significant impact from differening CO2. There Resp and excre were reduced upon exposure to low oxygen levels though but was different for different species.",NA
5,Kiko2016,https://bg.copernicus.org/articles/13/2241/2016/,NA,NA,Pleuromamma abdominalis,Adult,Female,AmmoniaExcretion,,2.4,11,23,Nov-23,Intraspecific,North Atlantic Ocean,1,-21,ResultsText,Extracted from the results text,"Also tested varying levels of pCO2 and pO2, though there was no significant impact from differening CO2. There Resp and excre were reduced upon exposure to low oxygen levels though but was different for different species.",NA
6,Kiko2016,https://bg.copernicus.org/articles/13/2241/2016/,NA,NA,Euphausia gibboides,Adult,Unknown,AmmoniaExcretion,,2.4,11,23,Nov-23,Intraspecific,North Atlantic Ocean,10,-20,ResultsText,Extracted from the results text,"Also tested varying levels of pCO2 and pO2, though there was no significant impact from differening CO2. There Resp and excre were reduced upon exposure to low oxygen levels though but was different for different species.",NA
1,Strange2025,https://doi.org/10.1093/plankt/fbaf014,NA,NA,Acartia longiremis,Unknown,Unknown,Ingestion,,8.6,6,12,6-Dec,Intraspecific,Kangerluarsuk Ungalleq,67.25306653,-53.13514442,Abstract,Extracted from abstract because it was reported clearly,NA,NA
2,Strange2025,https://doi.org/10.1093/plankt/fbaf014,NA,NA,Eurytemora americana,Unknown,Unknown,Ingestion,,1.6,6,12,6-Dec,Intraspecific,Kangerluarsuk Ungalleq,67.25306653,-53.13514442,Abstract,Extracted from abstract because it was reported clearly,NA,NA
1,Ikeda2014,https://doi.org/10.1007/s00227-014-2540-5,NA,NA,Copepoda,Unknown,Unknown,Respiration,,1.9,-1.7,28,-29.7,Interspecific,Literature,NA,NA,Table5,Extracted from table 5.,NA,Did not include intraspecific Q10 because the values are not specific to species.
2,Ikeda2014,https://doi.org/10.1007/s00227-014-2540-5,NA,NA,Euphausiacea,Unknown,Unknown,Respiration,,1.7,-1.7,28,-29.7,Interspecific,Literature,NA,NA,Table5,Extracted from table 5.,NA,Did not include intraspecific Q10 because the values are not specific to species.
3,Ikeda2014,https://doi.org/10.1007/s00227-014-2540-5,NA,NA,Amphipoda,Unknown,Unknown,Respiration,,1.45,-1.6,28,-29.6,Interspecific,Literature,NA,NA,Table5,Extracted from table 5.,NA,Did not include intraspecific Q10 because the values are not specific to species.
4,Ikeda2014,https://doi.org/10.1007/s00227-014-2540-5,NA,NA,Decapoda,Unknown,Unknown,Respiration,,2.69,0.2,30,0.2-30,Interspecific,Literature,NA,NA,Table5,Extracted from table 5.,NA,Did not include intraspecific Q10 because the values are not specific to species.
5,Ikeda2014,https://doi.org/10.1007/s00227-014-2540-5,NA,NA,Mysidacea,Unknown,Unknown,Respiration,,2.12,-1.6,29,-30.6,Interspecific,Literature,NA,NA,Table5,Extracted from table 5.,NA,Did not include intraspecific Q10 because the values are not specific to species.
6,Ikeda2014,https://doi.org/10.1007/s00227-014-2540-5,NA,NA,Chaetognatha,Unknown,Unknown,Respiration,,1.67,-1,28,-29,Interspecific,Literature,NA,NA,Table5,Extracted from table 5.,NA,Did not include intraspecific Q10 because the values are not specific to species.
7,Ikeda2014,https://doi.org/10.1007/s00227-014-2540-5,NA,NA,Cnidaria,Unknown,Unknown,Respiration,,1.8,-1.6,27,-28.6,Interspecific,Literature,NA,NA,Table5,Extracted from table 5.,NA,Did not include intraspecific Q10 because the values are not specific to species.
8,Ikeda2014,https://doi.org/10.1007/s00227-014-2540-5,NA,NA,Ctenophora,Unknown,Unknown,Respiration,,1.58,-2,30,-32,Interspecific,Literature,NA,NA,Table5,Extracted from table 5.,NA,Did not include intraspecific Q10 because the values are not specific to species.
9,Ikeda2014,https://doi.org/10.1007/s00227-014-2540-5,NA,NA,Mollusca,Unknown,Unknown,Respiration,,2.36,-1.6,27,-28.6,Interspecific,Literature,NA,NA,Table5,Extracted from table 5.,NA,Did not include intraspecific Q10 because the values are not specific to species.
10,Ikeda2014,https://doi.org/10.1007/s00227-014-2540-5,NA,NA,Thaliacea,Unknown,Unknown,Respiration,,1.9,-2,30,-32,Interspecific,Literature,NA,NA,Table5,Extracted from table 5.,NA,Did not include intraspecific Q10 because the values are not specific to species.
1,Kaiser2022,https://www.frontiersin.org/journals/marine-science/articles/10.3389/fmars.2022.908638/full,NA,NA,Calanus hyperboreus,C5,Unknown,Respiration,,1.9,0,10,0-10,Intraspecific,Greenland Sea,80.5,-10,Figure3,Extracted from figure3 using imageJ,Polar-Arctic,Noted a difference in Q10 between polar and atlantic species with atlantic species being more sensitive to temperature.
2,Kaiser2022,https://www.frontiersin.org/journals/marine-science/articles/10.3389/fmars.2022.908638/full,NA,NA,Calanus glacialis,C5,Unknown,Respiration,,1.35,0,10,0-10,Intraspecific,Greenland Sea,80.5,-10,Figure3,Extracted from figure3 using imageJ,Polar-Arctic,Noted a difference in Q10 between polar and atlantic species with atlantic species being more sensitive to temperature.
3,Kaiser2022,https://www.frontiersin.org/journals/marine-science/articles/10.3389/fmars.2022.908638/full,NA,NA,Calanus finmarchicus,C5,Unknown,Respiration,,4.2,0,10,0-10,Intraspecific,Greenland Sea,77,-10,Figure3,Extracted from figure3 using imageJ,Boreal-Atlantic,Noted a difference in Q10 between polar and atlantic species with atlantic species being more sensitive to temperature.
4,Kaiser2022,https://www.frontiersin.org/journals/marine-science/articles/10.3389/fmars.2022.908638/full,NA,NA,Paraeuchaeta glacialis,C5,Unknown,Respiration,,1,0,10,0-10,Intraspecific,Greenland Sea,80.5,-10,Figure3,Extracted from figure3 using imageJ,Polar-Arctic,Noted a difference in Q10 between polar and atlantic species with atlantic species being more sensitive to temperature.
5,Kaiser2022,https://www.frontiersin.org/journals/marine-science/articles/10.3389/fmars.2022.908638/full,NA,NA,Paraeuchaeta norvegica,C5,Unknown,Respiration,,2.3,0,10,0-10,Intraspecific,Greenland Sea,77,-10,Figure3,Extracted from figure3 using imageJ,Boreal-Atlantic,Noted a difference in Q10 between polar and atlantic species with atlantic species being more sensitive to temperature.
6,Kaiser2022,https://www.frontiersin.org/journals/marine-science/articles/10.3389/fmars.2022.908638/full,NA,NA,Themisto libellula,Adult,Unknown,Respiration,,1.5,0,10,0-10,Intraspecific,Greenland Sea,80.5,-10,Figure3,Extracted from figure3 using imageJ,Polar-Arctic,Noted a difference in Q10 between polar and atlantic species with atlantic species being more sensitive to temperature.
7,Kaiser2022,https://www.frontiersin.org/journals/marine-science/articles/10.3389/fmars.2022.908638/full,NA,NA,Themisto abyssorum,Adult,Unknown,Respiration,,2.5,0,10,0-10,Intraspecific,Greenland Sea,77,-10,Figure3,Extracted from figure3 using imageJ,Boreal-Atlantic,Noted a difference in Q10 between polar and atlantic species with atlantic species being more sensitive to temperature.
8,Kaiser2022,https://www.frontiersin.org/journals/marine-science/articles/10.3389/fmars.2022.908638/full,NA,NA,Calanus hyperboreus,Adult,Female,Respiration,,2.4,0,10,0-10,Intraspecific,Greenland Sea,80.5,-10,Figure3,Extracted from figure3 using imageJ,Polar-Arctic,Noted a difference in Q10 between polar and atlantic species with atlantic species being more sensitive to temperature.
9,Kaiser2022,https://www.frontiersin.org/journals/marine-science/articles/10.3389/fmars.2022.908638/full,NA,NA,Calanus glacialis,Adult,Female,Respiration,,2.7,0,10,0-10,Intraspecific,Greenland Sea,80.5,-10,Figure3,Extracted from figure3 using imageJ,Polar-Arctic,Noted a difference in Q10 between polar and atlantic species with atlantic species being more sensitive to temperature.
10,Kaiser2022,https://www.frontiersin.org/journals/marine-science/articles/10.3389/fmars.2022.908638/full,NA,NA,Calanus finmarchicus,Adult,Female,Respiration,,5.9,0,10,0-10,Intraspecific,Greenland Sea,77,-10,Figure3,Extracted from figure3 using imageJ,Boreal-Atlantic,Noted a difference in Q10 between polar and atlantic species with atlantic species being more sensitive to temperature.
11,Kaiser2022,https://www.frontiersin.org/journals/marine-science/articles/10.3389/fmars.2022.908638/full,NA,NA,Paraeuchaeta glacialis,Adult,Female,Respiration,,1.7,0,10,0-10,Intraspecific,Greenland Sea,80.5,-10,Figure3,Extracted from figure3 using imageJ,Polar-Arctic,Noted a difference in Q10 between polar and atlantic species with atlantic species being more sensitive to temperature.
12,Kaiser2022,https://www.frontiersin.org/journals/marine-science/articles/10.3389/fmars.2022.908638/full,NA,NA,Paraeuchaeta norvegica,Adult,Female,Respiration,,1.8,0,10,0-10,Intraspecific,Greenland Sea,77,-10,Figure3,Extracted from figure3 using imageJ,Boreal-Atlantic,Noted a difference in Q10 between polar and atlantic species with atlantic species being more sensitive to temperature.
1,Hirst2003a,https://onlinelibrary.wiley.com/doi/abs/10.4319/lo.2003.48.5.1988,NA,NA,Copepoda,Adult,Unknown,Growth,,1.59,-2.3,29.4,-31.7,Interspecific,Literature,NA,NA,Table3,Extracted from table 3.,"In situ weight-specific growth, Broadcaster",Data points = 3081
2,Hirst2003a,https://onlinelibrary.wiley.com/doi/abs/10.4319/lo.2003.48.5.1988,NA,NA,Copepoda,Adult,Unknown,Growth,,1.43,3,30.1,3-30.1,Interspecific,Literature,NA,NA,Table3,Extracted from table 3.,"In situ weight-specific growth, Sac spawner",Data points = 452
3,Hirst2003a,https://onlinelibrary.wiley.com/doi/abs/10.4319/lo.2003.48.5.1988,NA,NA,Copepoda,Nauplii,Unknown,Growth,,2.19,7.6,28.2,7.6-28.2,Interspecific,Literature,NA,NA,Table3,Extracted from table 3.,"In situ weight-specific growth, Broadcaster",Data points = 716
4,Hirst2003a,https://onlinelibrary.wiley.com/doi/abs/10.4319/lo.2003.48.5.1988,NA,NA,Copepoda,Nauplii,Unknown,Growth,,2.41,6.5,28.2,6.5-28.2,Interspecific,Literature,NA,NA,Table3,Extracted from table 3.,"In situ weight-specific growth, Sac spawner",Data points = 227
5,Hirst2003a,https://onlinelibrary.wiley.com/doi/abs/10.4319/lo.2003.48.5.1988,NA,NA,Copepoda,Adult,Unknown,Growth,,2.7,-1.5,30,-31.5,Interspecific,Literature,NA,NA,Table3,Extracted from table 3.,"In situ weight-specific growth, Broadcaster",Data points = 121
6,Hirst2003a,https://onlinelibrary.wiley.com/doi/abs/10.4319/lo.2003.48.5.1988,NA,NA,Copepoda,Adult,Unknown,Growth,,3.98,1.3,23.8,1.3-23.8,Interspecific,Literature,NA,NA,Table3,Extracted from table 3.,"In situ weight-specific growth, Sac spawner",Data points = 21
7,Hirst2003a,https://onlinelibrary.wiley.com/doi/abs/10.4319/lo.2003.48.5.1988,NA,NA,Copepoda,Nauplii,Unknown,Growth,,1.86,3,30,Mar-30,Interspecific,Literature,NA,NA,Table3,Extracted from table 3.,"In situ weight-specific growth, Broadcaster",Data points = 111
8,Hirst2003a,https://onlinelibrary.wiley.com/doi/abs/10.4319/lo.2003.48.5.1988,NA,NA,Copepoda,Nauplii,Unknown,Growth,,1.83,3,25,Mar-25,Interspecific,Literature,NA,NA,Table3,Extracted from table 3.,"In situ weight-specific growth, Sac spawner",Data points = 33
9,Hirst2003a,https://onlinelibrary.wiley.com/doi/abs/10.4319/lo.2003.48.5.1988,NA,NA,Copepoda,Egg,Unknown,EggHatchRate,,2.45,0,29.8,0.0-29.8,Interspecific,Literature,NA,NA,Table3,Extracted from table 3.,"In situ weight-specific growth, Broadcaster",Data points = 183
10,Hirst2003a,https://onlinelibrary.wiley.com/doi/abs/10.4319/lo.2003.48.5.1988,NA,NA,Copepoda,Egg,Unknown,EggHatchRate,,2.4,-1,34,-35,Interspecific,Literature,NA,NA,Table3,Extracted from table 3.,"In situ weight-specific growth, Sac spawner",Data points = 173
1,Hirche1987,https://doi.org/10.1007/BF00428240,NA,NA,Calanus finmarchicus,Adult,Female,Respiration,,3.44,0,5,0-5,Intraspecific,Greenland Sea,79.733333,0.5,Table3,Extracted from table 3.,Assuming dw = 200 ug copepod^-1,NA
2,Hirche1987,https://doi.org/10.1007/BF00428240,NA,NA,Calanus finmarchicus,Adult,Female,Respiration,,3.31,5,10,5-Oct,Intraspecific,Greenland Sea,79.733333,0.5,Table3,Extracted from table 3.,Assuming dw = 200 ug copepod^-1,NA
3,Hirche1987,https://doi.org/10.1007/BF00428240,NA,NA,Calanus hyperboreus,Adult,Female,Respiration,,2.44,0,5,0-5,Intraspecific,Greenland Sea,79.75,4.283333,Table3,Extracted from table 3.,Assuming dw = 200 ug copepod^-1,NA
4,Hirche1987,https://doi.org/10.1007/BF00428240,NA,NA,Calanus hyperboreus,Adult,Female,Respiration,,2.38,5,10,5-Oct,Intraspecific,Greenland Sea,79.75,4.283333,Table3,Extracted from table 3.,Assuming dw = 200 ug copepod^-1,NA
5,Hirche1987,https://doi.org/10.1007/BF00428240,NA,NA,Calanus hyperboreus,CV,Unknown,Respiration,,2.22,0,5,0-5,Intraspecific,Greenland Sea,79.733333,12.016667,Table3,Extracted from table 3.,Assuming dw = 200 ug copepod^-1,NA
6,Hirche1987,https://doi.org/10.1007/BF00428240,NA,NA,Calanus hyperboreus,CV,Unknown,Respiration,,2.15,5,10,5-Oct,Intraspecific,Greenland Sea,79.733333,12.016667,Table3,Extracted from table 3.,Assuming dw = 200 ug copepod^-1,NA
7,Hirche1987,https://doi.org/10.1007/BF00428240,NA,NA,Calanus glacialis,CV,Unknown,Respiration,,4.6,0,5,0-5,Intraspecific,Greenland Sea,79.75,10.416667,Table3,Extracted from table 3.,Assuming dw = 200 ug copepod^-1,NA
8,Hirche1987,https://doi.org/10.1007/BF00428240,NA,NA,Calanus glacialis,CV,Unknown,Respiration,,4.39,5,10,5-Oct,Intraspecific,Greenland Sea,79.75,10.416667,Table3,Extracted from table 3.,Assuming dw = 200 ug copepod^-1,NA
9,Hirche1987,https://doi.org/10.1007/BF00428240,NA,NA,Metridia longa,Adult,Female,Respiration,,2.09,0,5,0-5,Intraspecific,Greenland Sea,79.633333,2.633333,Table3,Extracted from table 3.,Assuming dw = 200 ug copepod^-1,NA
10,Hirche1987,https://doi.org/10.1007/BF00428240,NA,NA,Metridia longa,Adult,Female,Respiration,,2.04,5,10,5-Oct,Intraspecific,Greenland Sea,79.633333,2.633333,Table3,Extracted from table 3.,Assuming dw = 200 ug copepod^-1,NA
1,Castellani2014,https://www.int-res.com/abstracts/meps/v500/meps10661,NA,NA,Temora longicornis,Adult,Unknown,Respiration,,1.89,5,17.5,5-17.5,Intraspecific,Menai Strait,53.22547195,-4.159258603,Table2,Extracted from table 2.,NA,NA
2,Castellani2014,https://www.int-res.com/abstracts/meps/v500/meps10661,NA,NA,Temora longicornis,Adult,Unknown,Respiration,,1.75,5,17.5,5-17.5,Intraspecific,Menai Strait,53.22547195,-4.159258603,Table2,Extracted from table 2.,NA,NA
3,Castellani2014,https://www.int-res.com/abstracts/meps/v500/meps10661,NA,NA,Temora longicornis,Adult,Unknown,Respiration,,1.57,5,17.5,5-17.5,Intraspecific,Menai Strait,53.22547195,-4.159258603,Table2,Extracted from table 2.,NA,NA
4,Castellani2014,https://www.int-res.com/abstracts/meps/v500/meps10661,NA,NA,Temora longicornis,Adult,Unknown,Respiration,,2.88,8,13,Aug-13,Intraspecific,Menai Strait,53.22547195,-4.159258603,Table2,Extracted from table 2.,NA,NA
5,Castellani2014,https://www.int-res.com/abstracts/meps/v500/meps10661,NA,NA,Temora longicornis,Adult,Unknown,Respiration,,2.39,8,13,Aug-13,Intraspecific,Menai Strait,53.22547195,-4.159258603,Table2,Extracted from table 2.,NA,NA
6,Castellani2014,https://www.int-res.com/abstracts/meps/v500/meps10661,NA,NA,Temora longicornis,Adult,Unknown,Respiration,,2.01,8,13,Aug-13,Intraspecific,Menai Strait,53.22547195,-4.159258603,Table2,Extracted from table 2.,NA,NA
1,Schalk1990,https://doi.org/10.1007/BF00233687,NA,NA,Amphipoda,Unknown,Unknown,Respiration,,2,0,5,0-5,Interspecific,Weddell Sea,-62,-49,Table1,Extracted from Table 1 (0-5 degC column). Did not use 1-2 degC column because the temperature range was not broad enough,NA,NA
2,Schalk1990,https://doi.org/10.1007/BF00233687,NA,NA,Amphipoda,Unknown,Unknown,Respiration,,2.6,0,5,0-5,Interspecific,Weddell Sea,-62,-49,Table1,Extracted from Table 1 (0-5 degC column). Did not use 1-2 degC column because the temperature range was not broad enough,NA,NA
3,Schalk1990,https://doi.org/10.1007/BF00233687,NA,NA,Euphausia superba,Unknown,Unknown,Respiration,,2.8,0,5,0-5,Intraspecific,Weddell Sea,-62,-49,Table1,Extracted from Table 1 (0-5 degC column). Did not use 1-2 degC column because the temperature range was not broad enough,NA,NA
4,Schalk1990,https://doi.org/10.1007/BF00233687,NA,NA,Copepoda,Unknown,Unknown,Respiration,,1.8,0,5,0-5,Interspecific,Weddell Sea,-62,-49,Table1,Extracted from Table 1 (0-5 degC column). Did not use 1-2 degC column because the temperature range was not broad enough,NA,NA
5,Schalk1990,https://doi.org/10.1007/BF00233687,NA,NA,Copepoda,Unknown,Unknown,Respiration,,5.6,0,5,0-5,Interspecific,Weddell Sea,-62,-49,Table1,Extracted from Table 1 (0-5 degC column). Did not use 1-2 degC column because the temperature range was not broad enough,NA,NA
1,Zhang2015,https://doi.org/10.1007/s00343-015-4138-2,NA,NA,Palaemon carinicauda,Adult,Unknown,Respiration,,5.03,16,19,16-19,Intraspecific,Laboratory culture,32.47857993767602,121.2533457,Table1,Extracted Q10 from table 1 and estimated lat lon based on laboratory culture facility.,NA,NA
2,Zhang2015,https://doi.org/10.1007/s00343-015-4138-2,NA,NA,Palaemon carinicauda,Adult,Unknown,Respiration,,1.62,19,22,19-22,Intraspecific,Laboratory culture,32.47857993767602,121.2533457,Table1,Extracted Q10 from table 1 and estimated lat lon based on laboratory culture facility.,NA,NA
3,Zhang2015,https://doi.org/10.1007/s00343-015-4138-2,NA,NA,Palaemon carinicauda,Adult,Unknown,Respiration,,1.36,22,25,22-25,Intraspecific,Laboratory culture,32.47857993767602,121.2533457,Table1,Extracted Q10 from table 1 and estimated lat lon based on laboratory culture facility.,NA,NA
4,Zhang2015,https://doi.org/10.1007/s00343-015-4138-2,NA,NA,Palaemon carinicauda,Adult,Unknown,Respiration,,3.08,25,28,25-28,Intraspecific,Laboratory culture,32.47857993767602,121.2533457,Table1,Extracted Q10 from table 1 and estimated lat lon based on laboratory culture facility.,NA,NA
5,Zhang2015,https://doi.org/10.1007/s00343-015-4138-2,NA,NA,Palaemon carinicauda,Adult,Unknown,Respiration,,1.03,28,31,28-31,Intraspecific,Laboratory culture,32.47857993767602,121.2533457,Table1,Extracted Q10 from table 1 and estimated lat lon based on laboratory culture facility.,NA,NA
6,Zhang2015,https://doi.org/10.1007/s00343-015-4138-2,NA,NA,Palaemon carinicauda,Adult,Unknown,Respiration,,0.86,31,34,31-34,Intraspecific,Laboratory culture,32.47857993767602,121.2533457,Table1,Extracted Q10 from table 1 and estimated lat lon based on laboratory culture facility.,NA,NA
7,Zhang2015,https://doi.org/10.1007/s00343-015-4138-2,NA,NA,Palaemon carinicauda,Adult,Unknown,Respiration,,1.77,16,34,16-34,Intraspecific,Laboratory culture,32.47857993767602,121.2533457,Table1,Extracted Q10 from table 1 and estimated lat lon based on laboratory culture facility.,NA,NA
8,Zhang2015,https://doi.org/10.1007/s00343-015-4138-2,NA,NA,Palaemon carinicauda,Adult,Unknown,AmmoniaExcretion,,6.3,16,19,16-19,Intraspecific,Laboratory culture,32.47857993767602,121.2533457,Table1,Extracted Q10 from table 1 and estimated lat lon based on laboratory culture facility.,NA,NA
9,Zhang2015,https://doi.org/10.1007/s00343-015-4138-2,NA,NA,Palaemon carinicauda,Adult,Unknown,AmmoniaExcretion,,1.76,19,22,19-22,Intraspecific,Laboratory culture,32.47857993767602,121.2533457,Table1,Extracted Q10 from table 1 and estimated lat lon based on laboratory culture facility.,NA,NA
10,Zhang2015,https://doi.org/10.1007/s00343-015-4138-2,NA,NA,Palaemon carinicauda,Adult,Unknown,AmmoniaExcretion,,3.75,22,25,22-25,Intraspecific,Laboratory culture,32.47857993767602,121.2533457,Table1,Extracted Q10 from table 1 and estimated lat lon based on laboratory culture facility.,NA,NA
11,Zhang2015,https://doi.org/10.1007/s00343-015-4138-2,NA,NA,Palaemon carinicauda,Adult,Unknown,AmmoniaExcretion,,2.92,25,28,25-28,Intraspecific,Laboratory culture,32.47857993767602,121.2533457,Table1,Extracted Q10 from table 1 and estimated lat lon based on laboratory culture facility.,NA,NA
12,Zhang2015,https://doi.org/10.1007/s00343-015-4138-2,NA,NA,Palaemon carinicauda,Adult,Unknown,AmmoniaExcretion,,1.27,28,31,28-31,Intraspecific,Laboratory culture,32.47857993767602,121.2533457,Table1,Extracted Q10 from table 1 and estimated lat lon based on laboratory culture facility.,NA,NA
13,Zhang2015,https://doi.org/10.1007/s00343-015-4138-2,NA,NA,Palaemon carinicauda,Adult,Unknown,AmmoniaExcretion,,1.04,31,34,31-34,Intraspecific,Laboratory culture,32.47857993767602,121.2533457,Table1,Extracted Q10 from table 1 and estimated lat lon based on laboratory culture facility.,NA,NA
14,Zhang2015,https://doi.org/10.1007/s00343-015-4138-2,NA,NA,Palaemon carinicauda,Adult,Unknown,AmmoniaExcretion,,2.33,16,34,16-34,Intraspecific,Laboratory culture,32.47857993767602,121.2533457,Table1,Extracted Q10 from table 1 and estimated lat lon based on laboratory culture facility.,NA,NA
15,Zhang2015,https://doi.org/10.1007/s00343-015-4138-2,NA,NA,Palaemon carinicauda,Juvenile,Unknown,Respiration,,6.09,16,19,16-19,Intraspecific,Laboratory culture,32.47857993767602,121.2533457,Table1,Extracted Q10 from table 1 and estimated lat lon based on laboratory culture facility.,NA,NA
16,Zhang2015,https://doi.org/10.1007/s00343-015-4138-2,NA,NA,Palaemon carinicauda,Juvenile,Unknown,Respiration,,1.55,19,22,19-22,Intraspecific,Laboratory culture,32.47857993767602,121.2533457,Table1,Extracted Q10 from table 1 and estimated lat lon based on laboratory culture facility.,NA,NA
17,Zhang2015,https://doi.org/10.1007/s00343-015-4138-2,NA,NA,Palaemon carinicauda,Juvenile,Unknown,Respiration,,2.85,22,25,22-25,Intraspecific,Laboratory culture,32.47857993767602,121.2533457,Table1,Extracted Q10 from table 1 and estimated lat lon based on laboratory culture facility.,NA,NA
18,Zhang2015,https://doi.org/10.1007/s00343-015-4138-2,NA,NA,Palaemon carinicauda,Juvenile,Unknown,Respiration,,1.36,25,28,25-28,Intraspecific,Laboratory culture,32.47857993767602,121.2533457,Table1,Extracted Q10 from table 1 and estimated lat lon based on laboratory culture facility.,NA,NA
19,Zhang2015,https://doi.org/10.1007/s00343-015-4138-2,NA,NA,Palaemon carinicauda,Juvenile,Unknown,Respiration,,1.03,28,31,28-31,Intraspecific,Laboratory culture,32.47857993767602,121.2533457,Table1,Extracted Q10 from table 1 and estimated lat lon based on laboratory culture facility.,NA,NA
20,Zhang2015,https://doi.org/10.1007/s00343-015-4138-2,NA,NA,Palaemon carinicauda,Juvenile,Unknown,Respiration,,1.39,31,34,31-34,Intraspecific,Laboratory culture,32.47857993767602,121.2533457,Table1,Extracted Q10 from table 1 and estimated lat lon based on laboratory culture facility.,NA,NA
21,Zhang2015,https://doi.org/10.1007/s00343-015-4138-2,NA,NA,Palaemon carinicauda,Juvenile,Unknown,Respiration,,2.34,16,34,16-34,Intraspecific,Laboratory culture,32.47857993767602,121.2533457,Table1,Extracted Q10 from table 1 and estimated lat lon based on laboratory culture facility.,NA,NA
22,Zhang2015,https://doi.org/10.1007/s00343-015-4138-2,NA,NA,Palaemon carinicauda,Juvenile,Unknown,AmmoniaExcretion,,3.66,16,19,16-19,Intraspecific,Laboratory culture,32.47857993767602,121.2533457,Table1,Extracted Q10 from table 1 and estimated lat lon based on laboratory culture facility.,NA,NA
23,Zhang2015,https://doi.org/10.1007/s00343-015-4138-2,NA,NA,Palaemon carinicauda,Juvenile,Unknown,AmmoniaExcretion,,2.15,19,22,19-22,Intraspecific,Laboratory culture,32.47857993767602,121.2533457,Table1,Extracted Q10 from table 1 and estimated lat lon based on laboratory culture facility.,NA,NA
24,Zhang2015,https://doi.org/10.1007/s00343-015-4138-2,NA,NA,Palaemon carinicauda,Juvenile,Unknown,AmmoniaExcretion,,3.31,22,25,22-25,Intraspecific,Laboratory culture,32.47857993767602,121.2533457,Table1,Extracted Q10 from table 1 and estimated lat lon based on laboratory culture facility.,NA,NA
25,Zhang2015,https://doi.org/10.1007/s00343-015-4138-2,NA,NA,Palaemon carinicauda,Juvenile,Unknown,AmmoniaExcretion,,2.29,25,28,25-28,Intraspecific,Laboratory culture,32.47857993767602,121.2533457,Table1,Extracted Q10 from table 1 and estimated lat lon based on laboratory culture facility.,NA,NA
26,Zhang2015,https://doi.org/10.1007/s00343-015-4138-2,NA,NA,Palaemon carinicauda,Juvenile,Unknown,AmmoniaExcretion,,2.02,28,31,28-31,Intraspecific,Laboratory culture,32.47857993767602,121.2533457,Table1,Extracted Q10 from table 1 and estimated lat lon based on laboratory culture facility.,NA,NA
27,Zhang2015,https://doi.org/10.1007/s00343-015-4138-2,NA,NA,Palaemon carinicauda,Juvenile,Unknown,AmmoniaExcretion,,2.85,31,34,31-34,Intraspecific,Laboratory culture,32.47857993767602,121.2533457,Table1,Extracted Q10 from table 1 and estimated lat lon based on laboratory culture facility.,NA,NA
28,Zhang2015,https://doi.org/10.1007/s00343-015-4138-2,NA,NA,Palaemon carinicauda,Juvenile,Unknown,AmmoniaExcretion,,2.57,16,34,16-34,Intraspecific,Laboratory culture,32.47857993767602,121.2533457,Table1,Extracted Q10 from table 1 and estimated lat lon based on laboratory culture facility.,NA,NA
1,Tyrell2019,https://doi.org/10.1093/plankt/fbz055,NA,NA,Acartia tonsa,Unknown,Unknown,Ingestion,,6.1,8,18,Aug-18,Intraspecific,New York,40.9023,-73.1748,Table6,Extracted from Table 6.,NA,NA
2,Tyrell2019,https://doi.org/10.1093/plankt/fbz055,NA,NA,Acartia tonsa,Unknown,Unknown,Ingestion,,7.9,8,18,Aug-18,Intraspecific,New York,40.9023,-73.1748,Table6,Extracted from Table 6.,NA,NA
3,Tyrell2019,https://doi.org/10.1093/plankt/fbz055,NA,NA,Parvocalanus crassirostris,Unknown,Unknown,Ingestion,,1,12,22,Dec-22,Intraspecific,New York,40.9023,-73.1748,Table6,Extracted from Table 6.,NA,NA
4,Tyrell2019,https://doi.org/10.1093/plankt/fbz055,NA,NA,Parvocalanus crassirostris,Unknown,Unknown,Ingestion,,2.5,12,22,Dec-22,Intraspecific,New York,40.9023,-73.1748,Table6,Extracted from Table 6.,NA,NA
1,Lasker1970,https://www.cambridge.org/core/product/identifier/S0025315400000679/type/journal_article,Tyrell2019,https://doi.org/10.1093/plankt/fbz055,Asellopsis  intermedia,Unknown,Unknown,Respiration,,2.2,6,20,Jun-20,Intraspecific,Firemore Bay,57.8332751,-5.677801163,Table6,Extracted from Table 6 of Tyrell2019,NA,NA
1,Roff1973,https://cdnsciencepub.com/doi/10.1139/z73-131,Tyrell2019,https://doi.org/10.1093/plankt/fbz055,Limnocalanus  macrurus,Unknown,Unknown,Respiration,,1.9,0,10,0-10,Intraspecific,Cornwallis Island,74.68947072,-94.87841959,Table6,Extracted from Table 6 of Tyrell2019,NA,NA
2,Roff1973,https://cdnsciencepub.com/doi/10.1139/z73-131,Tyrell2019,https://doi.org/10.1093/plankt/fbz055,Limnocalanus  macrurus,Unknown,Unknown,Respiration,,2.2,5,15,May-15,Intraspecific,Cornwallis Island,74.68947072,-94.87841959,Table6,Extracted from Table 6 of Tyrell2019,NA,NA
1,Price1980,https://doi.org/10.1007/BF00572671,Tyrell2019,https://doi.org/10.1093/plankt/fbz055,Tachidius discipes,Unknown,Unknown,Respiration,,2.2,5,20,May-20,Intraspecific,Lynher River,50.37519822,-4.267078012,Table6,Extracted from Table 6 of Tyrell2019,NA,NA
1,Ikeda2001,https://doi.org/10.1007/s002270100608,Tyrell2019,https://doi.org/10.1093/plankt/fbz055,Calanoida,Unknown,Unknown,Respiration,43,1.8,-1.7,29,-30.7,Interspecific,Literature,NA,NA,Table6,Extracted from Table 6 of Tyrell2019,NA,NA
2,Ikeda2001,https://doi.org/10.1007/s002270100608,Tyrell2019,https://doi.org/10.1093/plankt/fbz055,Calanoida,Unknown,Unknown,Respiration,43,2.1,-1.7,29,-30.7,Interspecific,Literature,NA,NA,Table6,Extracted from Table 6 of Tyrell2019,NA,NA
3,Ikeda2001,https://doi.org/10.1007/s002270100608,Tyrell2019,https://doi.org/10.1093/plankt/fbz055,Calanoida,Unknown,Unknown,AmmoniaExcretion,58,1.8,-1.7,29,-30.7,Interspecific,Literature,NA,NA,Text,Text from Ikeda2001,NA,
4,Ikeda2001,https://doi.org/10.1007/s002270100608,Tyrell2019,https://doi.org/10.1093/plankt/fbz055,Calanoida,Unknown,Unknown,AmmoniaExcretion,58,2,-1.7,29,-30.7,Interspecific,Literature,NA,NA,Text,Text from Ikeda2001,NA,
5,Ikeda2001,https://doi.org/10.1007/s002270100608,Tyrell2019,https://doi.org/10.1093/plankt/fbz055,Calanoida,Unknown,Unknown,PhosphateExcretion,31,1.6,-1.7,29,-30.7,Interspecific,Literature,NA,NA,Text,Text from Ikeda2001,NA,
6,Ikeda2001,https://doi.org/10.1007/s002270100608,Tyrell2019,https://doi.org/10.1093/plankt/fbz055,Calanoida,Unknown,Unknown,PhosphateExcretion,31,1.9,-1.7,29,-30.7,Interspecific,Literature,NA,NA,Text,Text from Ikeda2001,NA,
1,Saiz2022,https://doi.org/10.1093/plankt/fbac017,NA,NA,Paracartia grani,Unknown,Unknown,Ingestion,10,2.6,6,35,Jun-35,Intraspecific,Laboratory culture,41.38531356561864,2.196046341,Abstract,Extracted from the abstract.,Acute effects,NA
2,Saiz2022,https://doi.org/10.1093/plankt/fbac017,NA,NA,Paracartia grani,Unknown,Unknown,EggProduction,10,2.7,6,35,Jun-35,Intraspecific,Laboratory culture,41.38531356561864,2.196046341,Abstract,Extracted from the abstract.,Acute effects,NA
3,Saiz2022,https://doi.org/10.1093/plankt/fbac017,NA,NA,Paracartia grani,Unknown,Unknown,Ingestion,10,1.6,6,35,Jun-35,Intraspecific,Laboratory culture,41.38531356561864,2.196046341,Abstract,Extracted from the abstract.,Acclimation response,NA
4,Saiz2022,https://doi.org/10.1093/plankt/fbac017,NA,NA,Paracartia grani,Unknown,Unknown,EggProduction,10,1.7,6,35,Jun-35,Intraspecific,Laboratory culture,41.38531356561864,2.196046341,Abstract,Extracted from the abstract.,Acclimation response,NA
5,Saiz2022,https://doi.org/10.1093/plankt/fbac017,NA,NA,Paracartia grani,Unknown,Unknown,Respiration,10,1.3,6,35,Jun-35,Intraspecific,Laboratory culture,41.38531356561864,2.196046341,Abstract,Extracted from the abstract.,Acute effects,NA
6,Saiz2022,https://doi.org/10.1093/plankt/fbac017,NA,NA,Paracartia grani,Unknown,Unknown,Respiration,10,1.6,6,35,Jun-35,Intraspecific,Laboratory culture,41.38531356561864,2.196046341,Abstract,Extracted from the abstract.,Acclimation response,NA
1,Dagg1976,https://onlinelibrary.wiley.com/doi/abs/10.1002/iroh.19760610303,NA,NA,Calliopius laeviusculus,Unknown,Unknown,Respiration,NA,2.2,8,12,8-Dec,Intraspecific,Laboratory culture from Puget Sound,47.8584753,-122.4465319,Table 9,Extracted from table,Size response,NA
2,Dagg1976,https://onlinelibrary.wiley.com/doi/abs/10.1002/iroh.19760610303,NA,NA,Calliopius laeviusculus,Unknown,Unknown,Respiration,NA,1.68,8,12,8-Dec,Intraspecific,Laboratory culture from Puget Sound,47.8584753,-122.4465319,Table 9,Extracted from table,Size response,NA
3,Dagg1976,https://onlinelibrary.wiley.com/doi/abs/10.1002/iroh.19760610303,NA,NA,Calliopius laeviusculus,Unknown,Unknown,Respiration,NA,1.49,8,12,8-Dec,Intraspecific,Laboratory culture from Puget Sound,47.8584753,-122.4465319,Table 9,Extracted from table,Size response,NA
4,Dagg1976,https://onlinelibrary.wiley.com/doi/abs/10.1002/iroh.19760610303,NA,NA,Calliopius laeviusculus,Unknown,Unknown,Respiration,NA,1.39,8,12,8-Dec,Intraspecific,Laboratory culture from Puget Sound,47.8584753,-122.4465319,Table 9,Extracted from table,Size response,NA
5,Dagg1976,https://onlinelibrary.wiley.com/doi/abs/10.1002/iroh.19760610303,NA,NA,Calliopius laeviusculus,Unknown,Unknown,Respiration,NA,1.32,8,12,8-Dec,Intraspecific,Laboratory culture from Puget Sound,47.8584753,-122.4465319,Table 9,Extracted from table,Size response,NA
6,Dagg1976,https://onlinelibrary.wiley.com/doi/abs/10.1002/iroh.19760610303,NA,NA,Calliopius laeviusculus,Unknown,Unknown,Respiration,NA,1.27,8,12,8-Dec,Intraspecific,Laboratory culture from Puget Sound,47.8584753,-122.4465319,Table 9,Extracted from table,Size response,NA
7,Dagg1976,https://onlinelibrary.wiley.com/doi/abs/10.1002/iroh.19760610303,NA,NA,Calliopius laeviusculus,Unknown,Unknown,Respiration,NA,1.23,8,12,8-Dec,Intraspecific,Laboratory culture from Puget Sound,47.8584753,-122.4465319,Table 9,Extracted from table,Size response,NA
8,Dagg1976,https://onlinelibrary.wiley.com/doi/abs/10.1002/iroh.19760610303,NA,NA,Calliopius laeviusculus,Unknown,Unknown,Respiration,NA,1.1,12,15,Dec-15,Intraspecific,Laboratory culture from Puget Sound,47.8584753,-122.4465319,Table 9,Extracted from table,Size response,NA
9,Dagg1976,https://onlinelibrary.wiley.com/doi/abs/10.1002/iroh.19760610303,NA,NA,Calliopius laeviusculus,Unknown,Unknown,Respiration,NA,1.3,12,15,Dec-15,Intraspecific,Laboratory culture from Puget Sound,47.8584753,-122.4465319,Table 9,Extracted from table,Size response,NA
10,Dagg1976,https://onlinelibrary.wiley.com/doi/abs/10.1002/iroh.19760610303,NA,NA,Calliopius laeviusculus,Unknown,Unknown,Respiration,NA,1.4,12,15,Dec-15,Intraspecific,Laboratory culture from Puget Sound,47.8584753,-122.4465319,Table 9,Extracted from table,Size response,NA
11,Dagg1976,https://onlinelibrary.wiley.com/doi/abs/10.1002/iroh.19760610303,NA,NA,Calliopius laeviusculus,Unknown,Unknown,Respiration,NA,1.47,12,15,Dec-15,Intraspecific,Laboratory culture from Puget Sound,47.8584753,-122.4465319,Table 9,Extracted from table,Size response,NA
12,Dagg1976,https://onlinelibrary.wiley.com/doi/abs/10.1002/iroh.19760610303,NA,NA,Calliopius laeviusculus,Unknown,Unknown,Respiration,NA,1.52,12,15,Dec-15,Intraspecific,Laboratory culture from Puget Sound,47.8584753,-122.4465319,Table 9,Extracted from table,Size response,NA
13,Dagg1976,https://onlinelibrary.wiley.com/doi/abs/10.1002/iroh.19760610303,NA,NA,Calliopius laeviusculus,Unknown,Unknown,Respiration,NA,1.55,12,15,Dec-15,Intraspecific,Laboratory culture from Puget Sound,47.8584753,-122.4465319,Table 9,Extracted from table,Size response,NA
14,Dagg1976,https://onlinelibrary.wiley.com/doi/abs/10.1002/iroh.19760610303,NA,NA,Calliopius laeviusculus,Unknown,Unknown,Respiration,NA,1.64,8,15,Aug-15,Intraspecific,Laboratory culture from Puget Sound,47.8584753,-122.4465319,Table 9,Extracted from table,Size response,NA
15,Dagg1976,https://onlinelibrary.wiley.com/doi/abs/10.1002/iroh.19760610303,NA,NA,Calliopius laeviusculus,Unknown,Unknown,Respiration,NA,1.5,8,15,Aug-15,Intraspecific,Laboratory culture from Puget Sound,47.8584753,-122.4465319,Table 9,Extracted from table,Size response,NA
16,Dagg1976,https://onlinelibrary.wiley.com/doi/abs/10.1002/iroh.19760610303,NA,NA,Calliopius laeviusculus,Unknown,Unknown,Respiration,NA,1.45,8,15,Aug-15,Intraspecific,Laboratory culture from Puget Sound,47.8584753,-122.4465319,Table 9,Extracted from table,Size response,NA
17,Dagg1976,https://onlinelibrary.wiley.com/doi/abs/10.1002/iroh.19760610303,NA,NA,Calliopius laeviusculus,Unknown,Unknown,Respiration,NA,1.42,8,15,Aug-15,Intraspecific,Laboratory culture from Puget Sound,47.8584753,-122.4465319,Table 9,Extracted from table,Size response,NA
18,Dagg1976,https://onlinelibrary.wiley.com/doi/abs/10.1002/iroh.19760610303,NA,NA,Calliopius laeviusculus,Unknown,Unknown,Respiration,NA,1.4,8,15,Aug-15,Intraspecific,Laboratory culture from Puget Sound,47.8584753,-122.4465319,Table 9,Extracted from table,Size response,NA
19,Dagg1976,https://onlinelibrary.wiley.com/doi/abs/10.1002/iroh.19760610303,NA,NA,Calliopius laeviusculus,Unknown,Unknown,Respiration,NA,1.39,8,15,Aug-15,Intraspecific,Laboratory culture from Puget Sound,47.8584753,-122.4465319,Table 9,Extracted from table,Size response,NA
20,Dagg1976,https://onlinelibrary.wiley.com/doi/abs/10.1002/iroh.19760610303,NA,NA,Calliopius laeviusculus,Unknown,Unknown,Moulting,NA,2.37,8,12,8-Dec,Intraspecific,Laboratory culture from Puget Sound,47.8584753,-122.4465319,Table 9,Extracted from table,Size response,NA
21,Dagg1976,https://onlinelibrary.wiley.com/doi/abs/10.1002/iroh.19760610303,NA,NA,Calliopius laeviusculus,Unknown,Unknown,Moulting,NA,2.66,8,12,8-Dec,Intraspecific,Laboratory culture from Puget Sound,47.8584753,-122.4465319,Table 9,Extracted from table,Size response,NA
22,Dagg1976,https://onlinelibrary.wiley.com/doi/abs/10.1002/iroh.19760610303,NA,NA,Calliopius laeviusculus,Unknown,Unknown,Moulting,NA,2.66,8,12,8-Dec,Intraspecific,Laboratory culture from Puget Sound,47.8584753,-122.4465319,Table 9,Extracted from table,Size response,NA
23,Dagg1976,https://onlinelibrary.wiley.com/doi/abs/10.1002/iroh.19760610303,NA,NA,Calliopius laeviusculus,Unknown,Unknown,Moulting,NA,2.66,8,12,8-Dec,Intraspecific,Laboratory culture from Puget Sound,47.8584753,-122.4465319,Table 9,Extracted from table,Size response,NA
24,Dagg1976,https://onlinelibrary.wiley.com/doi/abs/10.1002/iroh.19760610303,NA,NA,Calliopius laeviusculus,Unknown,Unknown,Moulting,NA,2.67,8,12,8-Dec,Intraspecific,Laboratory culture from Puget Sound,47.8584753,-122.4465319,Table 9,Extracted from table,Size response,NA
25,Dagg1976,https://onlinelibrary.wiley.com/doi/abs/10.1002/iroh.19760610303,NA,NA,Calliopius laeviusculus,Unknown,Unknown,Moulting,NA,2.72,8,12,8-Dec,Intraspecific,Laboratory culture from Puget Sound,47.8584753,-122.4465319,Table 9,Extracted from table,Size response,NA
26,Dagg1976,https://onlinelibrary.wiley.com/doi/abs/10.1002/iroh.19760610303,NA,NA,Calliopius laeviusculus,Unknown,Unknown,Moulting,NA,2.74,8,12,8-Dec,Intraspecific,Laboratory culture from Puget Sound,47.8584753,-122.4465319,Table 9,Extracted from table,Size response,NA
27,Dagg1976,https://onlinelibrary.wiley.com/doi/abs/10.1002/iroh.19760610303,NA,NA,Calliopius laeviusculus,Unknown,Unknown,Moulting,NA,1.48,12,15,Dec-15,Intraspecific,Laboratory culture from Puget Sound,47.8584753,-122.4465319,Table 9,Extracted from table,Size response,NA
28,Dagg1976,https://onlinelibrary.wiley.com/doi/abs/10.1002/iroh.19760610303,NA,NA,Calliopius laeviusculus,Unknown,Unknown,Moulting,NA,1.72,12,15,Dec-15,Intraspecific,Laboratory culture from Puget Sound,47.8584753,-122.4465319,Table 9,Extracted from table,Size response,NA
29,Dagg1976,https://onlinelibrary.wiley.com/doi/abs/10.1002/iroh.19760610303,NA,NA,Calliopius laeviusculus,Unknown,Unknown,Moulting,NA,1.94,12,15,Dec-15,Intraspecific,Laboratory culture from Puget Sound,47.8584753,-122.4465319,Table 9,Extracted from table,Size response,NA
30,Dagg1976,https://onlinelibrary.wiley.com/doi/abs/10.1002/iroh.19760610303,NA,NA,Calliopius laeviusculus,Unknown,Unknown,Moulting,NA,2.06,12,15,Dec-15,Intraspecific,Laboratory culture from Puget Sound,47.8584753,-122.4465319,Table 9,Extracted from table,Size response,NA
31,Dagg1976,https://onlinelibrary.wiley.com/doi/abs/10.1002/iroh.19760610303,NA,NA,Calliopius laeviusculus,Unknown,Unknown,Moulting,NA,2.15,12,15,Dec-15,Intraspecific,Laboratory culture from Puget Sound,47.8584753,-122.4465319,Table 9,Extracted from table,Size response,NA
32,Dagg1976,https://onlinelibrary.wiley.com/doi/abs/10.1002/iroh.19760610303,NA,NA,Calliopius laeviusculus,Unknown,Unknown,Moulting,NA,2.26,12,15,Dec-15,Intraspecific,Laboratory culture from Puget Sound,47.8584753,-122.4465319,Table 9,Extracted from table,Size response,NA
33,Dagg1976,https://onlinelibrary.wiley.com/doi/abs/10.1002/iroh.19760610303,NA,NA,Calliopius laeviusculus,Unknown,Unknown,Moulting,NA,1.94,8,15,Aug-15,Intraspecific,Laboratory culture from Puget Sound,47.8584753,-122.4465319,Table 9,Extracted from table,Size response,NA
34,Dagg1976,https://onlinelibrary.wiley.com/doi/abs/10.1002/iroh.19760610303,NA,NA,Calliopius laeviusculus,Unknown,Unknown,Moulting,NA,2.2,8,15,Aug-15,Intraspecific,Laboratory culture from Puget Sound,47.8584753,-122.4465319,Table 9,Extracted from table,Size response,NA
35,Dagg1976,https://onlinelibrary.wiley.com/doi/abs/10.1002/iroh.19760610303,NA,NA,Calliopius laeviusculus,Unknown,Unknown,Moulting,NA,2.32,8,15,Aug-15,Intraspecific,Laboratory culture from Puget Sound,47.8584753,-122.4465319,Table 9,Extracted from table,Size response,NA
36,Dagg1976,https://onlinelibrary.wiley.com/doi/abs/10.1002/iroh.19760610303,NA,NA,Calliopius laeviusculus,Unknown,Unknown,Moulting,NA,2.38,8,15,Aug-15,Intraspecific,Laboratory culture from Puget Sound,47.8584753,-122.4465319,Table 9,Extracted from table,Size response,NA
37,Dagg1976,https://onlinelibrary.wiley.com/doi/abs/10.1002/iroh.19760610303,NA,NA,Calliopius laeviusculus,Unknown,Unknown,Moulting,NA,2.43,8,15,Aug-15,Intraspecific,Laboratory culture from Puget Sound,47.8584753,-122.4465319,Table 9,Extracted from table,Size response,NA
38,Dagg1976,https://onlinelibrary.wiley.com/doi/abs/10.1002/iroh.19760610303,NA,NA,Calliopius laeviusculus,Unknown,Unknown,Moulting,NA,2.51,8,15,Aug-15,Intraspecific,Laboratory culture from Puget Sound,47.8584753,-122.4465319,Table 9,Extracted from table,Size response,NA
39,Dagg1976,https://onlinelibrary.wiley.com/doi/abs/10.1002/iroh.19760610303,NA,NA,Calliopius laeviusculus,Unknown,Unknown,Growth,NA,2.45,8,12,8-Dec,Intraspecific,Laboratory culture from Puget Sound,47.8584753,-122.4465319,Table 9,Extracted from table,Size response,NA
40,Dagg1976,https://onlinelibrary.wiley.com/doi/abs/10.1002/iroh.19760610303,NA,NA,Calliopius laeviusculus,Unknown,Unknown,Growth,NA,1.8,8,12,8-Dec,Intraspecific,Laboratory culture from Puget Sound,47.8584753,-122.4465319,Table 9,Extracted from table,Size response,NA
41,Dagg1976,https://onlinelibrary.wiley.com/doi/abs/10.1002/iroh.19760610303,NA,NA,Calliopius laeviusculus,Unknown,Unknown,Growth,NA,1.4,8,12,8-Dec,Intraspecific,Laboratory culture from Puget Sound,47.8584753,-122.4465319,Table 9,Extracted from table,Size response,NA
42,Dagg1976,https://onlinelibrary.wiley.com/doi/abs/10.1002/iroh.19760610303,NA,NA,Calliopius laeviusculus,Unknown,Unknown,Growth,NA,1.09,8,12,8-Dec,Intraspecific,Laboratory culture from Puget Sound,47.8584753,-122.4465319,Table 9,Extracted from table,Size response,NA
43,Dagg1976,https://onlinelibrary.wiley.com/doi/abs/10.1002/iroh.19760610303,NA,NA,Calliopius laeviusculus,Unknown,Unknown,Growth,NA,0.79,8,12,8-Dec,Intraspecific,Laboratory culture from Puget Sound,47.8584753,-122.4465319,Table 9,Extracted from table,Size response,NA
44,Dagg1976,https://onlinelibrary.wiley.com/doi/abs/10.1002/iroh.19760610303,NA,NA,Calliopius laeviusculus,Unknown,Unknown,Growth,NA,0.45,8,12,8-Dec,Intraspecific,Laboratory culture from Puget Sound,47.8584753,-122.4465319,Table 9,Extracted from table,Size response,NA
45,Dagg1976,https://onlinelibrary.wiley.com/doi/abs/10.1002/iroh.19760610303,NA,NA,Calliopius laeviusculus,Unknown,Unknown,Growth,NA,0.09,8,12,8-Dec,Intraspecific,Laboratory culture from Puget Sound,47.8584753,-122.4465319,Table 9,Extracted from table,Size response,NA
46,Dagg1976,https://onlinelibrary.wiley.com/doi/abs/10.1002/iroh.19760610303,NA,NA,Calliopius laeviusculus,Unknown,Unknown,Growth,NA,3.22,12,15,Dec-15,Intraspecific,Laboratory culture from Puget Sound,47.8584753,-122.4465319,Table 9,Extracted from table,Size response,NA
47,Dagg1976,https://onlinelibrary.wiley.com/doi/abs/10.1002/iroh.19760610303,NA,NA,Calliopius laeviusculus,Unknown,Unknown,Growth,NA,3.64,12,15,Dec-15,Intraspecific,Laboratory culture from Puget Sound,47.8584753,-122.4465319,Table 9,Extracted from table,Size response,NA
48,Dagg1976,https://onlinelibrary.wiley.com/doi/abs/10.1002/iroh.19760610303,NA,NA,Calliopius laeviusculus,Unknown,Unknown,Growth,NA,3.25,12,15,Dec-15,Intraspecific,Laboratory culture from Puget Sound,47.8584753,-122.4465319,Table 9,Extracted from table,Size response,NA
49,Dagg1976,https://onlinelibrary.wiley.com/doi/abs/10.1002/iroh.19760610303,NA,NA,Calliopius laeviusculus,Unknown,Unknown,Growth,NA,2.28,12,15,Dec-15,Intraspecific,Laboratory culture from Puget Sound,47.8584753,-122.4465319,Table 9,Extracted from table,Size response,NA
50,Dagg1976,https://onlinelibrary.wiley.com/doi/abs/10.1002/iroh.19760610303,NA,NA,Calliopius laeviusculus,Unknown,Unknown,Growth,NA,0.89,12,15,Dec-15,Intraspecific,Laboratory culture from Puget Sound,47.8584753,-122.4465319,Table 9,Extracted from table,Size response,NA
51,Dagg1976,https://onlinelibrary.wiley.com/doi/abs/10.1002/iroh.19760610303,NA,NA,Calliopius laeviusculus,Unknown,Unknown,Growth,NA,0,12,15,Dec-15,Intraspecific,Laboratory culture from Puget Sound,47.8584753,-122.4465319,Table 9,Extracted from table,Size response,NA
52,Dagg1976,https://onlinelibrary.wiley.com/doi/abs/10.1002/iroh.19760610303,NA,NA,Calliopius laeviusculus,Unknown,Unknown,Growth,NA,2.75,8,15,Aug-15,Intraspecific,Laboratory culture from Puget Sound,47.8584753,-122.4465319,Table 9,Extracted from table,Size response,NA
53,Dagg1976,https://onlinelibrary.wiley.com/doi/abs/10.1002/iroh.19760610303,NA,NA,Calliopius laeviusculus,Unknown,Unknown,Growth,NA,2.43,8,15,Aug-15,Intraspecific,Laboratory culture from Puget Sound,47.8584753,-122.4465319,Table 9,Extracted from table,Size response,NA
54,Dagg1976,https://onlinelibrary.wiley.com/doi/abs/10.1002/iroh.19760610303,NA,NA,Calliopius laeviusculus,Unknown,Unknown,Growth,NA,2.01,8,15,Aug-15,Intraspecific,Laboratory culture from Puget Sound,47.8584753,-122.4465319,Table 9,Extracted from table,Size response,NA
55,Dagg1976,https://onlinelibrary.wiley.com/doi/abs/10.1002/iroh.19760610303,NA,NA,Calliopius laeviusculus,Unknown,Unknown,Growth,NA,1.5,8,15,Aug-15,Intraspecific,Laboratory culture from Puget Sound,47.8584753,-122.4465319,Table 9,Extracted from table,Size response,NA
56,Dagg1976,https://onlinelibrary.wiley.com/doi/abs/10.1002/iroh.19760610303,NA,NA,Calliopius laeviusculus,Unknown,Unknown,Growth,NA,0.83,8,15,Aug-15,Intraspecific,Laboratory culture from Puget Sound,47.8584753,-122.4465319,Table 9,Extracted from table,Size response,NA
57,Dagg1976,https://onlinelibrary.wiley.com/doi/abs/10.1002/iroh.19760610303,NA,NA,Calliopius laeviusculus,Unknown,Unknown,Growth,NA,0.05,8,15,Aug-15,Intraspecific,Laboratory culture from Puget Sound,47.8584753,-122.4465319,Table 9,Extracted from table,Size response,NA
58,Dagg1976,https://onlinelibrary.wiley.com/doi/abs/10.1002/iroh.19760610303,NA,NA,Calliopius laeviusculus,Unknown,Unknown,Reproduction,NA,1.67,8,12,8-Dec,Intraspecific,Laboratory culture from Puget Sound,47.8584753,-122.4465319,Table 9,Extracted from table,Size response,NA
59,Dagg1976,https://onlinelibrary.wiley.com/doi/abs/10.1002/iroh.19760610303,NA,NA,Calliopius laeviusculus,Unknown,Unknown,Reproduction,NA,1.92,8,12,8-Dec,Intraspecific,Laboratory culture from Puget Sound,47.8584753,-122.4465319,Table 9,Extracted from table,Size response,NA
60,Dagg1976,https://onlinelibrary.wiley.com/doi/abs/10.1002/iroh.19760610303,NA,NA,Calliopius laeviusculus,Unknown,Unknown,Reproduction,NA,2.16,8,12,8-Dec,Intraspecific,Laboratory culture from Puget Sound,47.8584753,-122.4465319,Table 9,Extracted from table,Size response,NA
61,Dagg1976,https://onlinelibrary.wiley.com/doi/abs/10.1002/iroh.19760610303,NA,NA,Calliopius laeviusculus,Unknown,Unknown,Reproduction,NA,2.39,8,12,8-Dec,Intraspecific,Laboratory culture from Puget Sound,47.8584753,-122.4465319,Table 9,Extracted from table,Size response,NA
62,Dagg1976,https://onlinelibrary.wiley.com/doi/abs/10.1002/iroh.19760610303,NA,NA,Calliopius laeviusculus,Unknown,Unknown,Reproduction,NA,1.65,12,15,Dec-15,Intraspecific,Laboratory culture from Puget Sound,47.8584753,-122.4465319,Table 9,Extracted from table,Size response,NA
63,Dagg1976,https://onlinelibrary.wiley.com/doi/abs/10.1002/iroh.19760610303,NA,NA,Calliopius laeviusculus,Unknown,Unknown,Reproduction,NA,1.72,12,15,Dec-15,Intraspecific,Laboratory culture from Puget Sound,47.8584753,-122.4465319,Table 9,Extracted from table,Size response,NA
64,Dagg1976,https://onlinelibrary.wiley.com/doi/abs/10.1002/iroh.19760610303,NA,NA,Calliopius laeviusculus,Unknown,Unknown,Reproduction,NA,1.77,12,15,Dec-15,Intraspecific,Laboratory culture from Puget Sound,47.8584753,-122.4465319,Table 9,Extracted from table,Size response,NA
65,Dagg1976,https://onlinelibrary.wiley.com/doi/abs/10.1002/iroh.19760610303,NA,NA,Calliopius laeviusculus,Unknown,Unknown,Reproduction,NA,1.66,8,15,Aug-15,Intraspecific,Laboratory culture from Puget Sound,47.8584753,-122.4465319,Table 9,Extracted from table,Size response,NA
66,Dagg1976,https://onlinelibrary.wiley.com/doi/abs/10.1002/iroh.19760610303,NA,NA,Calliopius laeviusculus,Unknown,Unknown,Reproduction,NA,1.83,8,15,Aug-15,Intraspecific,Laboratory culture from Puget Sound,47.8584753,-122.4465319,Table 9,Extracted from table,Size response,NA
67,Dagg1976,https://onlinelibrary.wiley.com/doi/abs/10.1002/iroh.19760610303,NA,NA,Calliopius laeviusculus,Unknown,Unknown,Reproduction,NA,1.99,8,15,Aug-15,Intraspecific,Laboratory culture from Puget Sound,47.8584753,-122.4465319,Table 9,Extracted from table,Size response,NA
1,Hirst2003b,https://www.sciencedirect.com/science/chapter/bookseries/pii/S0065288103440029,NA,NA,Copepoda,Mixed,Uknown,Growth,22,0.97,21.3,29,NA,Interspecific,Meta-analysis,NA,NA,Table 3,Extracted from table,Size response,NA
2,Hirst2003b,https://www.sciencedirect.com/science/chapter/bookseries/pii/S0065288103440029,NA,NA,Copepoda,Copepodite,Uknown,Growth,70,2.45,16.5,28,NA,Interspecific,Meta-analysis,NA,NA,Table 3,Extracted from table,Size response,NA
3,Hirst2003b,https://www.sciencedirect.com/science/chapter/bookseries/pii/S0065288103440029,NA,NA,Copepoda,Naulpii,Uknown,Growth,12,1.05,16,28,NA,Interspecific,Meta-analysis,NA,NA,Table 3,Extracted from table,Size response,NA
4,Hirst2003b,https://www.sciencedirect.com/science/chapter/bookseries/pii/S0065288103440029,NA,NA,Copepoda,Mixed,Uknown,Growth,104,1.75,16.5,29,NA,Interspecific,Meta-analysis,NA,NA,Table 3,Extracted from table,Size response,NA
5,Hirst2003b,https://www.sciencedirect.com/science/chapter/bookseries/pii/S0065288103440029,NA,NA,Copepoda,Adult,Uknown,Growth,181,2.03,4.5,29.5,NA,Interspecific,Meta-analysis,NA,NA,Table 3,Extracted from table,Size response,NA
6,Hirst2003b,https://www.sciencedirect.com/science/chapter/bookseries/pii/S0065288103440029,NA,NA,Copepoda,Copepodite,Uknown,Growth,32,2.12,6.5,26,NA,Interspecific,Meta-analysis,NA,NA,Table 3,Extracted from table,Size response,NA
7,Hirst2003b,https://www.sciencedirect.com/science/chapter/bookseries/pii/S0065288103440029,NA,NA,Copepoda,Nauplii,Uknown,Growth,25,1.37,6.5,26,NA,Interspecific,Meta-analysis,NA,NA,Table 3,Extracted from table,Size response,NA
8,Hirst2003b,https://www.sciencedirect.com/science/chapter/bookseries/pii/S0065288103440029,NA,NA,Copepoda,Mixed,Uknown,Growth,238,2.3,4.5,29.5,NA,Interspecific,Meta-analysis,NA,NA,Table 3,Extracted from table,Size response,NA
9,Hirst2003b,https://www.sciencedirect.com/science/chapter/bookseries/pii/S0065288103440029,NA,NA,Copepoda,Mixed,Uknown,Growth,337,3.32,4.5,29.5,NA,Interspecific,Meta-analysis,NA,NA,Table 3,Extracted from table,Size response,NA
10,Hirst2003b,https://www.sciencedirect.com/science/chapter/bookseries/pii/S0065288103440029,NA,NA,Copepoda,Adult,Uknown,Growth,503,1.8,3,29.4,NA,Interspecific,Meta-analysis,NA,NA,Table 3,Extracted from table,Size response,NA
11,Hirst2003b,https://www.sciencedirect.com/science/chapter/bookseries/pii/S0065288103440029,NA,NA,Copepoda,Copepodite,Uknown,Growth,65,1.84,7.6,29.4,NA,Interspecific,Meta-analysis,NA,NA,Table 3,Extracted from table,Size response,NA
12,Hirst2003b,https://www.sciencedirect.com/science/chapter/bookseries/pii/S0065288103440029,NA,NA,Copepoda,Mixed,Uknown,Growth,568,2.03,3,29.4,NA,Interspecific,Meta-analysis,NA,NA,Table 3,Extracted from table,Size response,NA
13,Hirst2003b,https://www.sciencedirect.com/science/chapter/bookseries/pii/S0065288103440029,NA,NA,Copepoda,Adult,Uknown,Growth,133,1.74,4.5,28.2,NA,Interspecific,Meta-analysis,NA,NA,Table 3,Extracted from table,Size response,NA
14,Hirst2003b,https://www.sciencedirect.com/science/chapter/bookseries/pii/S0065288103440029,NA,NA,Copepoda,Copepodite,Uknown,Growth,44,3.49,6.5,26,NA,Interspecific,Meta-analysis,NA,NA,Table 3,Extracted from table,Size response,NA
15,Hirst2003b,https://www.sciencedirect.com/science/chapter/bookseries/pii/S0065288103440029,NA,NA,Copepoda,Mixed,Uknown,Growth,177,1.9,4.5,28.2,NA,Interspecific,Meta-analysis,NA,NA,Table 3,Extracted from table,Size response,NA
16,Hirst2003b,https://www.sciencedirect.com/science/chapter/bookseries/pii/S0065288103440029,NA,NA,Copepoda,Mixed,Uknown,Growth,745,1.96,3,29.4,NA,Interspecific,Meta-analysis,NA,NA,Table 3,Extracted from table,Size response,NA
17,Hirst2003b,https://www.sciencedirect.com/science/chapter/bookseries/pii/S0065288103440029,NA,NA,Copepoda,Adult,Uknown,Growth,738,0.94,0,28,NA,Interspecific,Meta-analysis,NA,NA,Table 3,Extracted from table,Size response,NA
18,Hirst2003b,https://www.sciencedirect.com/science/chapter/bookseries/pii/S0065288103440029,NA,NA,Copepoda,Copepodite,Uknown,Growth,36,4.34,7.6,26,NA,Interspecific,Meta-analysis,NA,NA,Table 3,Extracted from table,Size response,NA
19,Hirst2003b,https://www.sciencedirect.com/science/chapter/bookseries/pii/S0065288103440029,NA,NA,Copepoda,Mixed,Uknown,Growth,774,1.09,0,28,NA,Interspecific,Meta-analysis,NA,NA,Table 3,Extracted from table,Size response,NA
20,Hirst2003b,https://www.sciencedirect.com/science/chapter/bookseries/pii/S0065288103440029,NA,NA,Copepoda,Adult,Uknown,Growth,86,0.43,3,27.5,NA,Interspecific,Meta-analysis,NA,NA,Table 3,Extracted from table,Size response,NA
21,Hirst2003b,https://www.sciencedirect.com/science/chapter/bookseries/pii/S0065288103440029,NA,NA,Copepoda,Mixed,Uknown,Growth,89,0.84,3,27.5,NA,Interspecific,Meta-analysis,NA,NA,Table 3,Extracted from table,Size response,NA
22,Hirst2003b,https://www.sciencedirect.com/science/chapter/bookseries/pii/S0065288103440029,NA,NA,Copepoda,Mixed,Uknown,Growth,863,1.05,0,28,NA,Interspecific,Meta-analysis,NA,NA,Table 3,Extracted from table,Size response,NA
23,Hirst2003b,https://www.sciencedirect.com/science/chapter/bookseries/pii/S0065288103440029,NA,NA,Copepoda,Adult,Uknown,Growth,269,3.99,-2.3,21.5,NA,Interspecific,Meta-analysis,NA,NA,Table 3,Extracted from table,Size response,NA
24,Hirst2003b,https://www.sciencedirect.com/science/chapter/bookseries/pii/S0065288103440029,NA,NA,Copepoda,Adult,Uknown,Growth,270,4.02,-2.3,21.5,NA,Interspecific,Meta-analysis,NA,NA,Table 3,Extracted from table,Size response,NA
25,Hirst2003b,https://www.sciencedirect.com/science/chapter/bookseries/pii/S0065288103440029,NA,NA,Appendicularia,NA,NA,Growth,53,2.09,13,28,NA,Interspecific,Meta-analysis,NA,NA,Table 3,Extracted from table,Size response,NA
26,Hirst2003b,https://www.sciencedirect.com/science/chapter/bookseries/pii/S0065288103440029,NA,NA,Zooplankton,NA,NA,Growth,54,2.18,13,28,NA,Interspecific,Meta-analysis,NA,NA,Table 3,Extracted from table,Size response,NA
27,Hirst2003b,https://www.sciencedirect.com/science/chapter/bookseries/pii/S0065288103440029,NA,NA,Appendicularia,NA,NA,Growth,34,1.8,13,28,NA,Interspecific,Meta-analysis,NA,NA,Table 3,Extracted from table,Size response,NA
28,Hirst2003b,https://www.sciencedirect.com/science/chapter/bookseries/pii/S0065288103440029,NA,NA,Zooplankton,NA,NA,Growth,43,2.52,13,31,NA,Interspecific,Meta-analysis,NA,NA,Table 3,Extracted from table,Size response,NA
29,Hirst2003b,https://www.sciencedirect.com/science/chapter/bookseries/pii/S0065288103440029,NA,NA,Crustacea,NA,NA,Growth,11,1.76,1,25.6,NA,Interspecific,Meta-analysis,NA,NA,Table 3,Extracted from table,Size response,NA
30,Hirst2003b,https://www.sciencedirect.com/science/chapter/bookseries/pii/S0065288103440029,NA,NA,Chaetognatha,NA,NA,Growth,7,23.99,18.5,31,NA,Interspecific,Meta-analysis,NA,NA,Table 3,Extracted from table,Size response,NA
31,Hirst2003b,https://www.sciencedirect.com/science/chapter/bookseries/pii/S0065288103440029,NA,NA,Cnidaria,NA,NA,Growth,11,1.41,7.1,23,NA,Interspecific,Meta-analysis,NA,NA,Table 3,Extracted from table,Size response,NA
32,Hirst2003b,https://www.sciencedirect.com/science/chapter/bookseries/pii/S0065288103440029,NA,NA,Ctenophora,NA,NA,Growth,4,1.31,13,31,NA,Interspecific,Meta-analysis,NA,NA,Table 3,Extracted from table,Size response,NA
33,Hirst2003b,https://www.sciencedirect.com/science/chapter/bookseries/pii/S0065288103440029,NA,NA,Thaliacea,NA,NA,Growth,23,3.33,16.5,26.5,NA,Interspecific,Meta-analysis,NA,NA,Table 3,Extracted from table,Size response,NA
34,Hirst2003b,https://www.sciencedirect.com/science/chapter/bookseries/pii/S0065288103440029,NA,NA,Zooplankton,NA,NA,Growth,68,1.61,1,31,NA,Interspecific,Meta-analysis,NA,NA,Table 3,Extracted from table,Size response,NA
35,Hirst2003b,https://www.sciencedirect.com/science/chapter/bookseries/pii/S0065288103440029,NA,NA,Crustacea,NA,NA,Growth,46,2.17,1,25.6,NA,Interspecific,Meta-analysis,NA,NA,Table 3,Extracted from table,Size response,NA
36,Hirst2003b,https://www.sciencedirect.com/science/chapter/bookseries/pii/S0065288103440029,NA,NA,Chaetognatha,NA,NA,Growth,42,1.86,2,31,NA,Interspecific,Meta-analysis,NA,NA,Table 3,Extracted from table,Size response,NA
37,Hirst2003b,https://www.sciencedirect.com/science/chapter/bookseries/pii/S0065288103440029,NA,NA,Cnidaria,NA,NA,Growth,16,2.86,7.9,23,NA,Interspecific,Meta-analysis,NA,NA,Table 3,Extracted from table,Size response,NA
38,Hirst2003b,https://www.sciencedirect.com/science/chapter/bookseries/pii/S0065288103440029,NA,NA,Ctenophora,NA,NA,Growth,4,1.37,13,31,NA,Interspecific,Meta-analysis,NA,NA,Table 3,Extracted from table,Size response,NA
39,Hirst2003b,https://www.sciencedirect.com/science/chapter/bookseries/pii/S0065288103440029,NA,NA,Thaliacea,NA,NA,Growth,29,4.07,16.5,26.5,NA,Interspecific,Meta-analysis,NA,NA,Table 3,Extracted from table,Size response,NA
40,Hirst2003b,https://www.sciencedirect.com/science/chapter/bookseries/pii/S0065288103440029,NA,NA,Zooplankton,NA,NA,Growth,137,2.12,16.5,26.5,NA,Interspecific,Meta-analysis,NA,NA,Table 3,Extracted from table,Size response,NA
41,Hirst2003b,https://www.sciencedirect.com/science/chapter/bookseries/pii/S0065288103440029,NA,NA,Crustacea,NA,NA,Growth,102,1.51,0.5,22,NA,Interspecific,Meta-analysis,NA,NA,Table 3,Extracted from table,Size response,NA
42,Hirst2003b,https://www.sciencedirect.com/science/chapter/bookseries/pii/S0065288103440029,NA,NA,Chaetognatha,NA,NA,Growth,32,1.67,1.8,31,NA,Interspecific,Meta-analysis,NA,NA,Table 3,Extracted from table,Size response,NA
43,Hirst2003b,https://www.sciencedirect.com/science/chapter/bookseries/pii/S0065288103440029,NA,NA,Cnidaria,NA,NA,Growth,23,0.86,8.9,28,NA,Interspecific,Meta-analysis,NA,NA,Table 3,Extracted from table,Size response,NA
44,Hirst2003b,https://www.sciencedirect.com/science/chapter/bookseries/pii/S0065288103440029,NA,NA,Ctenophora,NA,NA,Growth,7,26.3,13,16,NA,Interspecific,Meta-analysis,NA,NA,Table 3,Extracted from table,Size response,NA
45,Hirst2003b,https://www.sciencedirect.com/science/chapter/bookseries/pii/S0065288103440029,NA,NA,Thaliacea,NA,NA,Growth,10,2.15,11,21.5,NA,Interspecific,Meta-analysis,NA,NA,Table 3,Extracted from table,Size response,NA
46,Hirst2003b,https://www.sciencedirect.com/science/chapter/bookseries/pii/S0065288103440029,NA,NA,Zooplankton,NA,NA,Growth,180,2.31,0.8,31,NA,Interspecific,Meta-analysis,NA,NA,Table 3,Extracted from table,Size response,NA
47,Hirst2003b,https://www.sciencedirect.com/science/chapter/bookseries/pii/S0065288103440029,NA,NA,Crustacea,NA,NA,Growth,68,3.86,1,22,NA,Interspecific,Meta-analysis,NA,NA,Table 3,Extracted from table,Size response,NA
48,Hirst2003b,https://www.sciencedirect.com/science/chapter/bookseries/pii/S0065288103440029,NA,NA,Cnidaria,NA,NA,Growth,13,0.38,11,28,NA,Interspecific,Meta-analysis,NA,NA,Table 3,Extracted from table,Size response,NA
49,Hirst2003b,https://www.sciencedirect.com/science/chapter/bookseries/pii/S0065288103440029,NA,NA,Ctenophora,NA,NA,Growth,4,0.76,16,31,NA,Interspecific,Meta-analysis,NA,NA,Table 3,Extracted from table,Size response,NA
50,Hirst2003b,https://www.sciencedirect.com/science/chapter/bookseries/pii/S0065288103440029,NA,NA,Thaliacea,NA,NA,Growth,20,3.2,11,21.5,NA,Interspecific,Meta-analysis,NA,NA,Table 3,Extracted from table,Size response,NA
51,Hirst2003b,https://www.sciencedirect.com/science/chapter/bookseries/pii/S0065288103440029,NA,NA,Zooplankton,NA,NA,Growth,107,3.72,1,31,NA,Interspecific,Meta-analysis,NA,NA,Table 3,Extracted from table,Size response,NA
52,Hirst2003b,https://www.sciencedirect.com/science/chapter/bookseries/pii/S0065288103440029,NA,NA,Crustacea,NA,NA,Growth,18,0.42,0.8,11.8,NA,Interspecific,Meta-analysis,NA,NA,Table 3,Extracted from table,Size response,NA
53,Hirst2003b,https://www.sciencedirect.com/science/chapter/bookseries/pii/S0065288103440029,NA,NA,Cnidaria,NA,NA,Growth,10,8.38,11.6,15.5,NA,Interspecific,Meta-analysis,NA,NA,Table 3,Extracted from table,Size response,NA
54,Hirst2003b,https://www.sciencedirect.com/science/chapter/bookseries/pii/S0065288103440029,NA,NA,Ctenophora,NA,NA,Growth,7,0.64,16,31,NA,Interspecific,Meta-analysis,NA,NA,Table 3,Extracted from table,Size response,NA
55,Hirst2003b,https://www.sciencedirect.com/science/chapter/bookseries/pii/S0065288103440029,NA,NA,Thaliacea,NA,NA,Growth,7,60.26,11,21.5,NA,Interspecific,Meta-analysis,NA,NA,Table 3,Extracted from table,Size response,NA
56,Hirst2003b,https://www.sciencedirect.com/science/chapter/bookseries/pii/S0065288103440029,NA,NA,Zooplankton,NA,NA,Growth,42,5.62,0.8,31,NA,Interspecific,Meta-analysis,NA,NA,Table 3,Extracted from table,Size response,NA
1,Hill2026,NA,NA,NA,Cnidaria,Mixed,Mixed,Clearance,164,1.16,-1,31,NA,Interspecific,Meta-analysis,NA,NA,Table 1,Extracted from table,Temperature response,NA
2,Hill2026,NA,NA,NA,Copepoda,Mixed,Mixed,Clearance,192,1.9,-1,31,NA,Interspecific,Meta-analysis,NA,NA,Table 1,Extracted from table,Temperature response,NA
3,Hill2026,NA,NA,NA,Euphausiacea,Mixed,Mixed,Clearance,57,0.58,-1,31,NA,Interspecific,Meta-analysis,NA,NA,Table 1,Extracted from table,Temperature response,NA
4,Hill2026,NA,NA,NA,Thaliacea,Mixed,Mixed,Clearance,186,2.1,-1,31,NA,Interspecific,Meta-analysis,NA,NA,Table 1,Extracted from table,Temperature response,NA
5,Hill2026,NA,NA,NA,Copepoda,Mixed,Mixed,Ingestion,94,3.29,-1,31,NA,Interspecific,Meta-analysis,NA,NA,Table 1,Extracted from table,Temperature response,NA
6,Hill2026,NA,NA,NA,Euphausiacea,Mixed,Mixed,Ingestion,63,4.16,-1,31,NA,Interspecific,Meta-analysis,NA,NA,Table 1,Extracted from table,Temperature response,NA
7,Hill2026,NA,NA,NA,Thaliacea,Mixed,Mixed,Ingestion,78,2.13,-1,31,NA,Interspecific,Meta-analysis,NA,NA,Table 1,Extracted from table,Temperature response,NA
8,Hill2026,NA,NA,NA,Ctenophora,Mixed,Mixed,Growth,102,1.39,-1,31,NA,Interspecific,Meta-analysis,NA,NA,Table 1,Extracted from table,Temperature response,NA
9,Hill2026,NA,NA,NA,Cnidaria,Mixed,Mixed,Growth,65,0.75,-1,31,NA,Interspecific,Meta-analysis,NA,NA,Table 1,Extracted from table,Temperature response,NA
10,Hill2026,NA,NA,NA,Amphipoda,Mixed,Mixed,Growth,63,2.69,-1,31,NA,Interspecific,Meta-analysis,NA,NA,Table 1,Extracted from table,Temperature response,NA
11,Hill2026,NA,NA,NA,Copepoda,Mixed,Mixed,Growth,140,2.24,-1,31,NA,Interspecific,Meta-analysis,NA,NA,Table 1,Extracted from table,Temperature response,NA
12,Hill2026,NA,NA,NA,Decapoda,Mixed,Mixed,Growth,27,1.77,-1,31,NA,Interspecific,Meta-analysis,NA,NA,Table 1,Extracted from table,Temperature response,NA
13,Hill2026,NA,NA,NA,Euphausiacea,Mixed,Mixed,Growth,33,3.87,-1,31,NA,Interspecific,Meta-analysis,NA,NA,Table 1,Extracted from table,Temperature response,NA
14,Hill2026,NA,NA,NA,Thaliacea,Mixed,Mixed,Growth,34,2.91,-1,31,NA,Interspecific,Meta-analysis,NA,NA,Table 1,Extracted from table,Temperature response,NA
15,Hill2026,NA,NA,NA,Ctenophora,Mixed,Mixed,Respiration,51,4.29,-1,31,NA,Interspecific,Meta-analysis,NA,NA,Table 1,Extracted from table,Temperature response,NA
16,Hill2026,NA,NA,NA,Cnidaria,Mixed,Mixed,Respiration,240,1.41,-1,31,NA,Interspecific,Meta-analysis,NA,NA,Table 1,Extracted from table,Temperature response,NA
17,Hill2026,NA,NA,NA,Copepoda,Mixed,Mixed,Respiration,352,2.66,-1,31,NA,Interspecific,Meta-analysis,NA,NA,Table 1,Extracted from table,Temperature response,NA
18,Hill2026,NA,NA,NA,Euphausiacea,Mixed,Mixed,Respiration,231,1.75,-1,31,NA,Interspecific,Meta-analysis,NA,NA,Table 1,Extracted from table,Temperature response,NA
19,Hill2026,NA,NA,NA,Thaliacea,Mixed,Mixed,Respiration,79,1.16,-1,31,NA,Interspecific,Meta-analysis,NA,NA,Table 1,Extracted from table,Temperature response,NA
20,Hill2026,NA,NA,NA,Ctenophora,Mixed,Mixed,Excretion,32,5.1,-1,31,NA,Interspecific,Meta-analysis,NA,NA,Table 1,Extracted from table,Temperature response,NA
21,Hill2026,NA,NA,NA,Cnidaria,Mixed,Mixed,Excretion,81,2.88,-1,31,NA,Interspecific,Meta-analysis,NA,NA,Table 1,Extracted from table,Temperature response,NA
22,Hill2026,NA,NA,NA,Chaetognatha,Mixed,Mixed,Excretion,60,2.33,-1,31,NA,Interspecific,Meta-analysis,NA,NA,Table 1,Extracted from table,Temperature response,NA
23,Hill2026,NA,NA,NA,Amphipoda,Mixed,Mixed,Excretion,70,2.21,-1,31,NA,Interspecific,Meta-analysis,NA,NA,Table 1,Extracted from table,Temperature response,NA
24,Hill2026,NA,NA,NA,Copepoda,Mixed,Mixed,Excretion,909,2.86,-1,31,NA,Interspecific,Meta-analysis,NA,NA,Table 1,Extracted from table,Temperature response,NA
25,Hill2026,NA,NA,NA,Euphausiacea,Mixed,Mixed,Excretion,333,3.34,-1,31,NA,Interspecific,Meta-analysis,NA,NA,Table 1,Extracted from table,Temperature response,NA
26,Hill2026,NA,NA,NA,Mysida,Mixed,Mixed,Excretion,67,1.24,-1,31,NA,Interspecific,Meta-analysis,NA,NA,Table 1,Extracted from table,Temperature response,NA
27,Hill2026,NA,NA,NA,Appendicularia,Mixed,Mixed,Excretion,21,1.34,-1,31,NA,Interspecific,Meta-analysis,NA,NA,Table 1,Extracted from table,Temperature response,NA
28,Hill2026,NA,NA,NA,Thaliacea,Mixed,Mixed,Excretion,98,1.98,-1,31,NA,Interspecific,Meta-analysis,NA,NA,Table 1,Extracted from table,Temperature response,NA